Workbook

Sheet QUOTATION
AD3: MBF JOINT STOCK COMPANY
U4: No. 58, Gieng Hamlet, Co Dien A Village, Thanh Tri Commune, Hanoi, Vietnam
Z5: Tel: 84-24-39449616 - Fax 84-24-39449618
AN6: http://mbf.com.vn
B9: To: | E9: CANON VIETNAM CO., LTD-THANGLONG FACTORY (CTL) CANON VIETNAM CO., LTD-QUEVO FACTORY (CQV) CANON VIETNAM CO., LTD-TIENSON FACTORY (CTS) | AE9: Ref No: | AH9: Quotation no: | AM9: MBF-202607-00
B10: Attn.: | E10: Mr. Shigeyuki Okamoto | AE10: Issue Date: | AH10: 46132
E11: General Director | AE11: Effect Date: | AH11: 46204
B12: Tel: | E12: +(84)(24)-3.881.2111 +(84)(222)-3.622.111 +(84)(222)-3.712.111 | AE12: Expiry Date: | AH12: 46568
B13: From: | E13: Ms. Nguyen Thu Thuy - Director | AE13: Contact: | AH13: Name: | AK13: Ms. Thanh Mai
B14: Subject: | E14: GENERAL QUOTATION FOR HANDLING IMPORT-EXPORT CARGO | AH14: Tel: | AK14: 0981.639.905
E15: FOLLOWING CONTRACT NO: | P15: CVNLOG-MBF-2026-001 | AH15: Email | AK15: doc01@mbf.com.vn
B18: Dear sirs,
B20: Thank you very much for your kind attention and support to our company as always.
B21: We would like to send you herewith our revised Quotation as attachment.
D25: · | E25: This Quotation is replaced for Quotation No: | T25: 1st version
D26: · | E26: This quotation rate is based on fuel price: | T26: 35,440 VND per liter.
B32: The quotation will be renewed automatically after the above expired date if there is no contrary from any party.
B33: We deeply wish that our offer will satisfy your requirement. If you have any comment, please feel free to contact us at anytime.
B34: Your kind attention to above would be highly appreciated.
C47: MBF JOINT STOCK COMPANY | AE47: CANON VIETNAM CO., LTD
D55: Ms. Nguyen Thu Thuy | AJ55: Mr. Shigeyuki Okamoto
F56: Director | AN56: General Director

Sheet import
F1: LOGISTICS QUOTATION LIST OF HANDLING IMPORT/EXPORT CARGO
B2: Issued by MBF JOINT STOCK COMPANY on: | I2: =QUOTATION!AH10 -> 46132
B3: This attached file is an integral part of the Quotation No: | I3: =+QUOTATION!AM9 -> MBF-202607-00 | K3: effective date: | L3: =QUOTATION!AH11 -> 46204
B5: 1. | C5: CUSTOMS CLEARANCE FEE
C7: Factory | E7: Kind | F7: Item | J7: 40FT | K7: 20FT | L7: LCL | M7: Air | N7: Domestics | O7: Remark
J8: Container | K8: Container | L8: CDS | M8: CDS | N8: CDS
C9: TL/TS/QV | E9: Export/ Import | F9: Local custom clerance fee | J9: 250000 | K9: 250000 | L9: 250000 | M9: 250000 | N9: 350000
F10: Port custom clerance fee | J10: 200000 | K10: 200000 | L10: 200000 | M10: 200000 | N10: 0
F11: Total | J11: =J9+J10 -> 450000 | K11: =K9+K10 -> 450000 | L11: =L9+L10 -> 450000 | M11: =M9+M10 -> 450000 | N11: =N9+N10 -> 350000
C12: Branch CDS (over 50 item lines) | J12: 200000 | K12: 200000 | L12: 200000 | M12: 200000 | N12: 200000
C13: Additional CDS (2 or more different CDS for each shipment/ each invoice, except branch CDS as mentioned above) | J13: 250000 | K13: 250000 | L13: - | M13: - | N13: -
C14: Combine container (cargo of 2 or 3 factories combined in 1 container), from the 2nd CDS | J14: 250000 | K14: 250000 | L14: - | M14: - | N14: -
B16: 2. | C16: DRAYAGE BY TRIP
B17: 2.1. | C17: HAI PHONG PORT
B18: 2.1.1 | C18: TRUCK DISCONNECT WITH CHASSIS TO HAI PHONG PORT
C20: KIND | D20: Routing | I20: Distance ( km) | J20: Transportation fee | L20: Fuel fee | N20: Total
D21: FROM | E21: TO | F21: TO | G21: TO | H21: TO | J21: 40FT | K21: 20FT | L21: 40FT | M21: 20FT | N21: 40FT | O21: 20FT
C22: Transportation 1 way of Import/Export | D22: HPP | E22: TL | H22: HPP | I22: 287 | J22: 3320000 | K22: 3320000 | L22: 2644533 | M22: 2644533 | N22: =J22+L22 -> 5964533 | O22: =K22+M22 -> 5964533 | Q22: 3320000 | R22: 3320000 | S22: 2644532.8 | T22: 2644532.8 | U22: 5964532.8 | V22: 5964532.8 | W22: =+J22-Q22 -> 0 | X22: =+K22-R22 -> 0 | Y22: =+L22-S22 -> 0.2 | Z22: =+M22-T22 -> 0.2 | AA22: =+N22-U22 -> 0.2 | AB22: =+O22-V22 -> 0.2
D23: HPP | E23: TS | H23: HPP | I23: 266 | J23: 3000000 | K23: 3000000 | L23: 2451030 | M23: 2451030 | N23: =J23+L23 -> 5451030 | O23: =K23+M23 -> 5451030 | Q23: 3000000 | R23: 3000000 | S23: 2451030.4 | T23: 2451030.4 | U23: 5451030.4 | V23: 5451030.4 | W23: =+J23-Q23 -> 0 | X23: =+K23-R23 -> 0 | Y23: =+L23-S23 -> -0.4 | Z23: =+M23-T23 -> -0.4 | AA23: =+N23-U23 -> -0.4 | AB23: =+O23-V23 -> -0.4
D24: HPP | E24: QV | H24: HPP | I24: 255 | J24: 3000000 | K24: 3000000 | L24: 2349672 | M24: 2349672 | N24: =J24+L24 -> 5349672 | O24: =K24+M24 -> 5349672 | Q24: 3000000 | R24: 3000000 | S24: 2349672 | T24: 2349672 | U24: 5349672 | V24: 5349672 | W24: =+J24-Q24 -> 0 | X24: =+K24-R24 -> 0 | Y24: =+L24-S24 -> 0 | Z24: =+M24-T24 -> 0 | AA24: =+N24-U24 -> 0 | AB24: =+O24-V24 -> 0
D25: HPP | E25: TL | F25: TS | H25: HPP | I25: 312 | J25: 3800000 | K25: 3800000 | L25: 2874893 | M25: 2874893 | N25: =J25+L25 -> 6674893 | O25: =K25+M25 -> 6674893 | Q25: 3800000 | R25: 3800000 | S25: 2874892.8 | T25: 2874892.8 | U25: 6674892.8 | V25: 6674892.8 | W25: =+J25-Q25 -> 0 | X25: =+K25-R25 -> 0 | Y25: =+L25-S25 -> 0.2 | Z25: =+M25-T25 -> 0.2 | AA25: =+N25-U25 -> 0.2 | AB25: =+O25-V25 -> 0.2
D26: HPP | E26: TL | F26: QV | H26: HPP | I26: 320 | J26: 3820000 | K26: 3820000 | L26: 2948608 | M26: 2948608 | N26: =J26+L26 -> 6768608 | O26: =K26+M26 -> 6768608 | Q26: 3820000 | R26: 3820000 | S26: 2948608 | T26: 2948608 | U26: 6768608 | V26: 6768608 | W26: =+J26-Q26 -> 0 | X26: =+K26-R26 -> 0 | Y26: =+L26-S26 -> 0 | Z26: =+M26-T26 -> 0 | AA26: =+N26-U26 -> 0 | AB26: =+O26-V26 -> 0
D27: HPP | E27: TS | F27: QV | H27: HPP | I27: 280 | J27: 3390000 | K27: 3390000 | L27: 2580032 | M27: 2580032 | N27: =J27+L27 -> 5970032 | O27: =K27+M27 -> 5970032 | Q27: 3390000 | R27: 3390000 | S27: 2580032 | T27: 2580032 | U27: 5970032 | V27: 5970032 | W27: =+J27-Q27 -> 0 | X27: =+K27-R27 -> 0 | Y27: =+L27-S27 -> 0 | Z27: =+M27-T27 -> 0 | AA27: =+N27-U27 -> 0 | AB27: =+O27-V27 -> 0
D28: HPP | E28: TL | F28: TS | G28: QV | H28: HPP | I28: 366 | J28: 4120000 | K28: 4120000 | L28: 3372470 | M28: 3372470 | N28: =J28+L28 -> 7492470 | O28: =K28+M28 -> 7492470 | Q28: 4120000 | R28: 4120000 | S28: 3372470.4 | T28: 3372470.4 | U28: 7492470.4 | V28: 7492470.4 | W28: =+J28-Q28 -> 0 | X28: =+K28-R28 -> 0 | Y28: =+L28-S28 -> -0.4 | Z28: =+M28-T28 -> -0.4 | AA28: =+N28-U28 -> -0.4 | AB28: =+O28-V28 -> -0.4
D29: HPP | E29: CEV | H29: HPP | I29: 195 | J29: 2720000 | K29: 2720000 | L29: 1796808 | M29: 1796808 | N29: =J29+L29 -> 4516808 | O29: =K29+M29 -> 4516808 | Q29: 2720000 | R29: 2720000 | S29: 1796808 | T29: 1796808 | U29: 4516808 | V29: 4516808 | W29: =+J29-Q29 -> 0 | X29: =+K29-R29 -> 0 | Y29: =+L29-S29 -> 0 | Z29: =+M29-T29 -> 0 | AA29: =+N29-U29 -> 0 | AB29: =+O29-V29 -> 0
D30: HPP | E30: CEV | F30: TL | H30: HPP | I30: 288 | J30: 3470000 | K30: 3470000 | L30: 2653747 | M30: 2653747 | N30: =J30+L30 -> 6123747 | O30: =K30+M30 -> 6123747 | Q30: 3470000 | R30: 3470000 | S30: 2653747.2 | T30: 2653747.2 | U30: 6123747.2 | V30: 6123747.2 | W30: =+J30-Q30 -> 0 | X30: =+K30-R30 -> 0 | Y30: =+L30-S30 -> -0.2 | Z30: =+M30-T30 -> -0.2 | AA30: =+N30-U30 -> -0.2 | AB30: =+O30-V30 -> -0.2
D31: HPP | E31: CEV | F31: TS | H31: HPP | I31: 276 | J31: 3430000 | K31: 3430000 | L31: 2543174 | M31: 2543174 | N31: =J31+L31 -> 5973174 | O31: =K31+M31 -> 5973174 | Q31: 3430000 | R31: 3430000 | S31: 2543174.4 | T31: 2543174.4 | U31: 5973174.4 | V31: 5973174.4 | W31: =+J31-Q31 -> 0 | X31: =+K31-R31 -> 0 | Y31: =+L31-S31 -> -0.4 | Z31: =+M31-T31 -> -0.4 | AA31: =+N31-U31 -> -0.4 | AB31: =+O31-V31 -> -0.4
D32: HPP | E32: VSIP | H32: HPP | I32: 246 | J32: 3070000 | K32: 3070000 | L32: 2266742 | M32: 2266742 | N32: =J32+L32 -> 5336742 | O32: =K32+M32 -> 5336742 | Q32: 3070000 | R32: 3070000 | S32: 2266742.4 | T32: 2266742.4 | U32: 5336742.4 | V32: 5336742.4 | W32: =+J32-Q32 -> 0 | X32: =+K32-R32 -> 0 | Y32: =+L32-S32 -> -0.4 | Z32: =+M32-T32 -> -0.4 | AA32: =+N32-U32 -> -0.4 | AB32: =+O32-V32 -> -0.4
D33: HPP | E33: VSIP | F33: TS | H33: HPP | I33: 266 | J33: 3400000 | K33: 3400000 | L33: 2451030 | M33: 2451030 | N33: =J33+L33 -> 5851030 | O33: =K33+M33 -> 5851030 | Q33: 3400000 | R33: 3400000 | S33: 2451030.4 | T33: 2451030.4 | U33: 5851030.4 | V33: 5851030.4 | W33: =+J33-Q33 -> 0 | X33: =+K33-R33 -> 0 | Y33: =+L33-S33 -> -0.4 | Z33: =+M33-T33 -> -0.4 | AA33: =+N33-U33 -> -0.4 | AB33: =+O33-V33 -> -0.4
D34: HPP | E34: VSIP | F34: QV | H34: HPP | I34: 268 | J34: 3410000 | K34: 3410000 | L34: 2469459 | M34: 2469459 | N34: =J34+L34 -> 5879459 | O34: =K34+M34 -> 5879459 | Q34: 3410000 | R34: 3410000 | S34: 2469459.2 | T34: 2469459.2 | U34: 5879459.2 | V34: 5879459.2 | W34: =+J34-Q34 -> 0 | X34: =+K34-R34 -> 0 | Y34: =+L34-S34 -> -0.2 | Z34: =+M34-T34 -> -0.2 | AA34: =+N34-U34 -> -0.2 | AB34: =+O34-V34 -> -0.2
D35: HPP | E35: VSIP | F35: TS | G35: QV | H35: HPP | I35: 288 | J35: 3620000 | K35: 3620000 | L35: 2653747 | M35: 2653747 | N35: =J35+L35 -> 6273747 | O35: =K35+M35 -> 6273747 | Q35: 3620000 | R35: 3620000 | S35: 2653747.2 | T35: 2653747.2 | U35: 6273747.2 | V35: 6273747.2 | W35: =+J35-Q35 -> 0 | X35: =+K35-R35 -> 0 | Y35: =+L35-S35 -> -0.2 | Z35: =+M35-T35 -> -0.2 | AA35: =+N35-U35 -> -0.2 | AB35: =+O35-V35 -> -0.2
C36: Transportation 1 way of Import/Export | D36: ICDQV | E36: TL | H36: HPP | I36: 287 | J36: 3320000 | K36: 3320000 | L36: 2644533 | M36: 2644533 | N36: =J36+L36 -> 5964533 | O36: =K36+M36 -> 5964533 | Q36: 3320000 | R36: 3320000 | S36: 2644532.8 | T36: 2644532.8 | U36: 5964532.8 | V36: 5964532.8 | W36: =+J36-Q36 -> 0 | X36: =+K36-R36 -> 0 | Y36: =+L36-S36 -> 0.2 | Z36: =+M36-T36 -> 0.2 | AA36: =+N36-U36 -> 0.2 | AB36: =+O36-V36 -> 0.2
D37: ICDQV | E37: TS | H37: HPP | I37: 266 | J37: 3050000 | K37: 3050000 | L37: 2451030 | M37: 2451030 | N37: =J37+L37 -> 5501030 | O37: =K37+M37 -> 5501030 | Q37: 3050000 | R37: 3050000 | S37: 2451030.4 | T37: 2451030.4 | U37: 5501030.4 | V37: 5501030.4 | W37: =+J37-Q37 -> 0 | X37: =+K37-R37 -> 0 | Y37: =+L37-S37 -> -0.4 | Z37: =+M37-T37 -> -0.4 | AA37: =+N37-U37 -> -0.4 | AB37: =+O37-V37 -> -0.4
D38: ICDQV | E38: QV | H38: HPP | I38: 255 | J38: 3010000 | K38: 3010000 | L38: 2349672 | M38: 2349672 | N38: =J38+L38 -> 5359672 | O38: =K38+M38 -> 5359672 | Q38: 3010000 | R38: 3010000 | S38: 2349672 | T38: 2349672 | U38: 5359672 | V38: 5359672 | W38: =+J38-Q38 -> 0 | X38: =+K38-R38 -> 0 | Y38: =+L38-S38 -> 0 | Z38: =+M38-T38 -> 0 | AA38: =+N38-U38 -> 0 | AB38: =+O38-V38 -> 0
D39: ICDQV | E39: TL | F39: TS | H39: HPP | I39: 312 | J39: 3800000 | K39: 3800000 | L39: 2874893 | M39: 2874893 | N39: =J39+L39 -> 6674893 | O39: =K39+M39 -> 6674893 | Q39: 3800000 | R39: 3800000 | S39: 2874892.8 | T39: 2874892.8 | U39: 6674892.8 | V39: 6674892.8 | W39: =+J39-Q39 -> 0 | X39: =+K39-R39 -> 0 | Y39: =+L39-S39 -> 0.2 | Z39: =+M39-T39 -> 0.2 | AA39: =+N39-U39 -> 0.2 | AB39: =+O39-V39 -> 0.2
D40: ICDQV | E40: TL | F40: QV | H40: HPP | I40: 320 | J40: 3820000 | K40: 3820000 | L40: 2948608 | M40: 2948608 | N40: =J40+L40 -> 6768608 | O40: =K40+M40 -> 6768608 | Q40: 3820000 | R40: 3820000 | S40: 2948608 | T40: 2948608 | U40: 6768608 | V40: 6768608 | W40: =+J40-Q40 -> 0 | X40: =+K40-R40 -> 0 | Y40: =+L40-S40 -> 0 | Z40: =+M40-T40 -> 0 | AA40: =+N40-U40 -> 0 | AB40: =+O40-V40 -> 0
D41: ICDQV | E41: TS | F41: QV | H41: HPP | I41: 280 | J41: 3390000 | K41: 3390000 | L41: 2580032 | M41: 2580032 | N41: =J41+L41 -> 5970032 | O41: =K41+M41 -> 5970032 | Q41: 3390000 | R41: 3390000 | S41: 2580032 | T41: 2580032 | U41: 5970032 | V41: 5970032 | W41: =+J41-Q41 -> 0 | X41: =+K41-R41 -> 0 | Y41: =+L41-S41 -> 0 | Z41: =+M41-T41 -> 0 | AA41: =+N41-U41 -> 0 | AB41: =+O41-V41 -> 0
D42: ICDQV | E42: TL | F42: TS | G42: QV | H42: HPP | I42: 366 | J42: 4120000 | K42: 4120000 | L42: 3372470 | M42: 3372470 | N42: =J42+L42 -> 7492470 | O42: =K42+M42 -> 7492470 | Q42: 4120000 | R42: 4120000 | S42: 3372470.4 | T42: 3372470.4 | U42: 7492470.4 | V42: 7492470.4 | W42: =+J42-Q42 -> 0 | X42: =+K42-R42 -> 0 | Y42: =+L42-S42 -> -0.4 | Z42: =+M42-T42 -> -0.4 | AA42: =+N42-U42 -> -0.4 | AB42: =+O42-V42 -> -0.4
D43: ICDTP | E43: TL | H43: HPP | I43: 287 | J43: 3320000 | K43: 3320000 | L43: 2644533 | M43: 2644533 | N43: =J43+L43 -> 5964533 | O43: =K43+M43 -> 5964533 | Q43: 3320000 | R43: 3320000 | S43: 2644532.8 | T43: 2644532.8 | U43: 5964532.8 | V43: 5964532.8 | W43: =+J43-Q43 -> 0 | X43: =+K43-R43 -> 0 | Y43: =+L43-S43 -> 0.2 | Z43: =+M43-T43 -> 0.2 | AA43: =+N43-U43 -> 0.2 | AB43: =+O43-V43 -> 0.2
D44: ICDTP | E44: TS | H44: HPP | I44: 266 | J44: 3050000 | K44: 3050000 | L44: 2451030 | M44: 2451030 | N44: =J44+L44 -> 5501030 | O44: =K44+M44 -> 5501030 | Q44: 3050000 | R44: 3050000 | S44: 2451030.4 | T44: 2451030.4 | U44: 5501030.4 | V44: 5501030.4 | W44: =+J44-Q44 -> 0 | X44: =+K44-R44 -> 0 | Y44: =+L44-S44 -> -0.4 | Z44: =+M44-T44 -> -0.4 | AA44: =+N44-U44 -> -0.4 | AB44: =+O44-V44 -> -0.4
D45: ICDTP | E45: QV | H45: HPP | I45: 255 | J45: 3010000 | K45: 3010000 | L45: 2349672 | M45: 2349672 | N45: =J45+L45 -> 5359672 | O45: =K45+M45 -> 5359672 | Q45: 3010000 | R45: 3010000 | S45: 2349672 | T45: 2349672 | U45: 5359672 | V45: 5359672 | W45: =+J45-Q45 -> 0 | X45: =+K45-R45 -> 0 | Y45: =+L45-S45 -> 0 | Z45: =+M45-T45 -> 0 | AA45: =+N45-U45 -> 0 | AB45: =+O45-V45 -> 0
D46: ICDTP | E46: TL | F46: TS | H46: HPP | I46: 312 | J46: 3800000 | K46: 3800000 | L46: 2874893 | M46: 2874893 | N46: =J46+L46 -> 6674893 | O46: =K46+M46 -> 6674893 | Q46: 3800000 | R46: 3800000 | S46: 2874892.8 | T46: 2874892.8 | U46: 6674892.8 | V46: 6674892.8 | W46: =+J46-Q46 -> 0 | X46: =+K46-R46 -> 0 | Y46: =+L46-S46 -> 0.2 | Z46: =+M46-T46 -> 0.2 | AA46: =+N46-U46 -> 0.2 | AB46: =+O46-V46 -> 0.2
D47: ICDTP | E47: TL | F47: QV | H47: HPP | I47: 320 | J47: 3820000 | K47: 3820000 | L47: 2948608 | M47: 2948608 | N47: =J47+L47 -> 6768608 | O47: =K47+M47 -> 6768608 | Q47: 3820000 | R47: 3820000 | S47: 2948608 | T47: 2948608 | U47: 6768608 | V47: 6768608 | W47: =+J47-Q47 -> 0 | X47: =+K47-R47 -> 0 | Y47: =+L47-S47 -> 0 | Z47: =+M47-T47 -> 0 | AA47: =+N47-U47 -> 0 | AB47: =+O47-V47 -> 0
D48: ICDTP | E48: TS | F48: QV | H48: HPP | I48: 280 | J48: 3390000 | K48: 3390000 | L48: 2580032 | M48: 2580032 | N48: =J48+L48 -> 5970032 | O48: =K48+M48 -> 5970032 | Q48: 3390000 | R48: 3390000 | S48: 2580032 | T48: 2580032 | U48: 5970032 | V48: 5970032 | W48: =+J48-Q48 -> 0 | X48: =+K48-R48 -> 0 | Y48: =+L48-S48 -> 0 | Z48: =+M48-T48 -> 0 | AA48: =+N48-U48 -> 0 | AB48: =+O48-V48 -> 0
D49: ICDTP | E49: TL | F49: TS | G49: QV | H49: HPP | I49: 366 | J49: 4120000 | K49: 4120000 | L49: 3372470 | M49: 3372470 | N49: =J49+L49 -> 7492470 | O49: =K49+M49 -> 7492470 | Q49: 4120000 | R49: 4120000 | S49: 3372470.4 | T49: 3372470.4 | U49: 7492470.4 | V49: 7492470.4 | W49: =+J49-Q49 -> 0 | X49: =+K49-R49 -> 0 | Y49: =+L49-S49 -> -0.4 | Z49: =+M49-T49 -> -0.4 | AA49: =+N49-U49 -> -0.4 | AB49: =+O49-V49 -> -0.4
C50: Internal CRU transportation | D50: HPP | E50: TL(IM HPP) | I50: 144 | J50: 2300000 | K50: 2300000 | L50: 1531008 | M50: 1531008 | N50: =J50+L50 -> 3831008 | O50: =K50+M50 -> 3831008 | Q50: 2300000 | R50: 2300000 | S50: 1531008 | T50: 1531008 | U50: 3831008 | V50: 3831008 | W50: =+J50-Q50 -> 0 | X50: =+K50-R50 -> 0 | Y50: =+L50-S50 -> 0 | Z50: =+M50-T50 -> 0 | AA50: =+N50-U50 -> 0 | AB50: =+O50-V50 -> 0
D51: TL(IM HPP) | E51: TL | H51: HPP | I51: 144 | J51: 2300000 | K51: 2300000 | L51: 1531008 | M51: 1531008 | N51: =J51+L51 -> 3831008 | O51: =K51+M51 -> 3831008 | Q51: 2300000 | R51: 2300000 | S51: 1531008 | T51: 1531008 | U51: 3831008 | V51: 3831008 | W51: =+J51-Q51 -> 0 | X51: =+K51-R51 -> 0 | Y51: =+L51-S51 -> 0 | Z51: =+M51-T51 -> 0 | AA51: =+N51-U51 -> 0 | AB51: =+O51-V51 -> 0
D52: HPP | E52: TL(IM HPP) | I52: 144 | J52: 2300000 | K52: 2300000 | L52: 1531008 | M52: 1531008 | N52: =J52+L52 -> 3831008 | O52: =K52+M52 -> 3831008 | Q52: 2300000 | R52: 2300000 | S52: 1531008 | T52: 1531008 | U52: 3831008 | V52: 3831008 | W52: =+J52-Q52 -> 0 | X52: =+K52-R52 -> 0 | Y52: =+L52-S52 -> 0 | Z52: =+M52-T52 -> 0 | AA52: =+N52-U52 -> 0 | AB52: =+O52-V52 -> 0
D53: TL(IM HPP) | E53: TS | H53: HPP | I53: 168 | J53: 2550000 | K53: 2550000 | L53: 1786176 | M53: 1786176 | N53: =J53+L53 -> 4336176 | O53: =K53+M53 -> 4336176 | Q53: 2550000 | R53: 2550000 | S53: 1786176 | T53: 1786176 | U53: 4336176 | V53: 4336176 | W53: =+J53-Q53 -> 0 | X53: =+K53-R53 -> 0 | Y53: =+L53-S53 -> 0 | Z53: =+M53-T53 -> 0 | AA53: =+N53-U53 -> 0 | AB53: =+O53-V53 -> 0
D54: HPP | E54: TL(IM HPP) | I54: 144 | J54: 2300000 | K54: 2300000 | L54: 1531008 | M54: 1531008 | N54: =J54+L54 -> 3831008 | O54: =K54+M54 -> 3831008 | Q54: 2300000 | R54: 2300000 | S54: 1531008 | T54: 1531008 | U54: 3831008 | V54: 3831008 | W54: =+J54-Q54 -> 0 | X54: =+K54-R54 -> 0 | Y54: =+L54-S54 -> 0 | Z54: =+M54-T54 -> 0 | AA54: =+N54-U54 -> 0 | AB54: =+O54-V54 -> 0
D55: TL(IM HPP) | E55: QV | H55: HPP | I55: 177 | J55: 2580000 | K55: 2580000 | L55: 1881864 | M55: 1881864 | N55: =J55+L55 -> 4461864 | O55: =K55+M55 -> 4461864 | Q55: 2580000 | R55: 2580000 | S55: 1881864 | T55: 1881864 | U55: 4461864 | V55: 4461864 | W55: =+J55-Q55 -> 0 | X55: =+K55-R55 -> 0 | Y55: =+L55-S55 -> 0 | Z55: =+M55-T55 -> 0 | AA55: =+N55-U55 -> 0 | AB55: =+O55-V55 -> 0
D56: HPP | E56: TS(IM HPP) | I56: 133 | J56: 2210000 | K56: 2210000 | L56: 1414056 | M56: 1414056 | N56: =J56+L56 -> 3624056 | O56: =K56+M56 -> 3624056 | Q56: 2210000 | R56: 2210000 | S56: 1414056 | T56: 1414056 | U56: 3624056 | V56: 3624056 | W56: =+J56-Q56 -> 0 | X56: =+K56-R56 -> 0 | Y56: =+L56-S56 -> 0 | Z56: =+M56-T56 -> 0 | AA56: =+N56-U56 -> 0 | AB56: =+O56-V56 -> 0
D57: TS(IM HPP) | E57: TL | H57: HPP | I57: 179 | J57: 2530000 | K57: 2530000 | L57: 1903128 | M57: 1903128 | N57: =J57+L57 -> 4433128 | O57: =K57+M57 -> 4433128 | Q57: 2530000 | R57: 2530000 | S57: 1903128 | T57: 1903128 | U57: 4433128 | V57: 4433128 | W57: =+J57-Q57 -> 0 | X57: =+K57-R57 -> 0 | Y57: =+L57-S57 -> 0 | Z57: =+M57-T57 -> 0 | AA57: =+N57-U57 -> 0 | AB57: =+O57-V57 -> 0
D58: HPP | E58: TS(IM HPP) | I58: 133 | J58: 2210000 | K58: 2210000 | L58: 1414056 | M58: 1414056 | N58: =J58+L58 -> 3624056 | O58: =K58+M58 -> 3624056 | Q58: 2210000 | R58: 2210000 | S58: 1414056 | T58: 1414056 | U58: 3624056 | V58: 3624056 | W58: =+J58-Q58 -> 0 | X58: =+K58-R58 -> 0 | Y58: =+L58-S58 -> 0 | Z58: =+M58-T58 -> 0 | AA58: =+N58-U58 -> 0 | AB58: =+O58-V58 -> 0
D59: TS(IM HPP) | E59: TS | H59: HPP | I59: 133 | J59: 2210000 | K59: 2210000 | L59: 1414056 | M59: 1414056 | N59: =J59+L59 -> 3624056 | O59: =K59+M59 -> 3624056 | Q59: 2210000 | R59: 2210000 | S59: 1414056 | T59: 1414056 | U59: 3624056 | V59: 3624056 | W59: =+J59-Q59 -> 0 | X59: =+K59-R59 -> 0 | Y59: =+L59-S59 -> 0 | Z59: =+M59-T59 -> 0 | AA59: =+N59-U59 -> 0 | AB59: =+O59-V59 -> 0
D60: HPP | E60: TS(IM HPP) | I60: 133 | J60: 2210000 | K60: 2210000 | L60: 1414056 | M60: 1414056 | N60: =J60+L60 -> 3624056 | O60: =K60+M60 -> 3624056 | Q60: 2210000 | R60: 2210000 | S60: 1414056 | T60: 1414056 | U60: 3624056 | V60: 3624056 | W60: =+J60-Q60 -> 0 | X60: =+K60-R60 -> 0 | Y60: =+L60-S60 -> 0 | Z60: =+M60-T60 -> 0 | AA60: =+N60-U60 -> 0 | AB60: =+O60-V60 -> 0
D61: TS(IM HPP) | E61: QV | H61: HPP | I61: 147 | J61: 2420000 | K61: 2420000 | L61: 1562904 | M61: 1562904 | N61: =J61+L61 -> 3982904 | O61: =K61+M61 -> 3982904 | Q61: 2420000 | R61: 2420000 | S61: 1562904 | T61: 1562904 | U61: 3982904 | V61: 3982904 | W61: =+J61-Q61 -> 0 | X61: =+K61-R61 -> 0 | Y61: =+L61-S61 -> 0 | Z61: =+M61-T61 -> 0 | AA61: =+N61-U61 -> 0 | AB61: =+O61-V61 -> 0
D62: HPP | E62: QV(IM HPP) | I62: 122 | J62: 2170000 | K62: 2170000 | L62: 1297104 | M62: 1297104 | N62: =J62+L62 -> 3467104 | O62: =K62+M62 -> 3467104 | Q62: 2170000 | R62: 2170000 | S62: 1297104 | T62: 1297104 | U62: 3467104 | V62: 3467104 | W62: =+J62-Q62 -> 0 | X62: =+K62-R62 -> 0 | Y62: =+L62-S62 -> 0 | Z62: =+M62-T62 -> 0 | AA62: =+N62-U62 -> 0 | AB62: =+O62-V62 -> 0
D63: QV(IM HPP) | E63: TL | H63: HPP | I63: 199 | J63: 2610000 | K63: 2610000 | L63: 2115768 | M63: 2115768 | N63: =J63+L63 -> 4725768 | O63: =K63+M63 -> 4725768 | Q63: 2610000 | R63: 2610000 | S63: 2115768 | T63: 2115768 | U63: 4725768 | V63: 4725768 | W63: =+J63-Q63 -> 0 | X63: =+K63-R63 -> 0 | Y63: =+L63-S63 -> 0 | Z63: =+M63-T63 -> 0 | AA63: =+N63-U63 -> 0 | AB63: =+O63-V63 -> 0
D64: HPP | E64: QV(IM HPP) | I64: 122 | J64: 2170000 | K64: 2170000 | L64: 1297104 | M64: 1297104 | N64: =J64+L64 -> 3467104 | O64: =K64+M64 -> 3467104 | Q64: 2170000 | R64: 2170000 | S64: 1297104 | T64: 1297104 | U64: 3467104 | V64: 3467104 | W64: =+J64-Q64 -> 0 | X64: =+K64-R64 -> 0 | Y64: =+L64-S64 -> 0 | Z64: =+M64-T64 -> 0 | AA64: =+N64-U64 -> 0 | AB64: =+O64-V64 -> 0
D65: QV(IM HPP) | E65: TS | H65: HPP | I65: 153 | J65: 2440000 | K65: 2440000 | L65: 1626696 | M65: 1626696 | N65: =J65+L65 -> 4066696 | O65: =K65+M65 -> 4066696 | Q65: 2440000 | R65: 2440000 | S65: 1626696 | T65: 1626696 | U65: 4066696 | V65: 4066696 | W65: =+J65-Q65 -> 0 | X65: =+K65-R65 -> 0 | Y65: =+L65-S65 -> 0 | Z65: =+M65-T65 -> 0 | AA65: =+N65-U65 -> 0 | AB65: =+O65-V65 -> 0
D66: HPP | E66: QV(IM HPP) | I66: 122 | J66: 2170000 | K66: 2170000 | L66: 1297104 | M66: 1297104 | N66: =J66+L66 -> 3467104 | O66: =K66+M66 -> 3467104 | Q66: 2170000 | R66: 2170000 | S66: 1297104 | T66: 1297104 | U66: 3467104 | V66: 3467104 | W66: =+J66-Q66 -> 0 | X66: =+K66-R66 -> 0 | Y66: =+L66-S66 -> 0 | Z66: =+M66-T66 -> 0 | AA66: =+N66-U66 -> 0 | AB66: =+O66-V66 -> 0
D67: QV(IM HPP) | E67: QV | H67: HPP | I67: 122 | J67: 2170000 | K67: 2170000 | L67: 1297104 | M67: 1297104 | N67: =J67+L67 -> 3467104 | O67: =K67+M67 -> 3467104 | Q67: 2170000 | R67: 2170000 | S67: 1297104 | T67: 1297104 | U67: 3467104 | V67: 3467104 | W67: =+J67-Q67 -> 0 | X67: =+K67-R67 -> 0 | Y67: =+L67-S67 -> 0 | Z67: =+M67-T67 -> 0 | AA67: =+N67-U67 -> 0 | AB67: =+O67-V67 -> 0
C68: Internal CRU transportation | D68: ICDQV | E68: TL(IM ICDQV) | I68: 85 | J68: 1600000 | K68: 1600000 | L68: 903720 | M68: 903720 | N68: =J68+L68 -> 2503720 | O68: =K68+M68 -> 2503720 | Q68: 1600000 | R68: 1600000 | S68: 903720 | T68: 903720 | U68: 2503720 | V68: 2503720 | W68: =+J68-Q68 -> 0 | X68: =+K68-R68 -> 0 | Y68: =+L68-S68 -> 0 | Z68: =+M68-T68 -> 0 | AA68: =+N68-U68 -> 0 | AB68: =+O68-V68 -> 0
D69: TL(IM ICDQV) | E69: TL | H69: HPP | I69: 202 | J69: 3000000 | K69: 3000000 | L69: 2147664 | M69: 2147664 | N69: =J69+L69 -> 5147664 | O69: =K69+M69 -> 5147664 | Q69: 3000000 | R69: 3000000 | S69: 2147664 | T69: 2147664 | U69: 5147664 | V69: 5147664 | W69: =+J69-Q69 -> 0 | X69: =+K69-R69 -> 0 | Y69: =+L69-S69 -> 0 | Z69: =+M69-T69 -> 0 | AA69: =+N69-U69 -> 0 | AB69: =+O69-V69 -> 0
D70: ICDQV | E70: TL(IM ICDQV) | I70: 85 | J70: 1600000 | K70: 1600000 | L70: 903720 | M70: 903720 | N70: =J70+L70 -> 2503720 | O70: =K70+M70 -> 2503720 | Q70: 1600000 | R70: 1600000 | S70: 903720 | T70: 903720 | U70: 2503720 | V70: 2503720 | W70: =+J70-Q70 -> 0 | X70: =+K70-R70 -> 0 | Y70: =+L70-S70 -> 0 | Z70: =+M70-T70 -> 0 | AA70: =+N70-U70 -> 0 | AB70: =+O70-V70 -> 0
D71: TL(IM ICDQV) | E71: TS | H71: HPP | I71: 227 | J71: 3240000 | K71: 3240000 | L71: 2413464 | M71: 2413464 | N71: =J71+L71 -> 5653464 | O71: =K71+M71 -> 5653464 | Q71: 3240000 | R71: 3240000 | S71: 2413464 | T71: 2413464 | U71: 5653464 | V71: 5653464 | W71: =+J71-Q71 -> 0 | X71: =+K71-R71 -> 0 | Y71: =+L71-S71 -> 0 | Z71: =+M71-T71 -> 0 | AA71: =+N71-U71 -> 0 | AB71: =+O71-V71 -> 0
D72: ICDQV | E72: TL(IM ICDQV) | I72: 85 | J72: 1600000 | K72: 1600000 | L72: 903720 | M72: 903720 | N72: =J72+L72 -> 2503720 | O72: =K72+M72 -> 2503720 | Q72: 1600000 | R72: 1600000 | S72: 903720 | T72: 903720 | U72: 2503720 | V72: 2503720 | W72: =+J72-Q72 -> 0 | X72: =+K72-R72 -> 0 | Y72: =+L72-S72 -> 0 | Z72: =+M72-T72 -> 0 | AA72: =+N72-U72 -> 0 | AB72: =+O72-V72 -> 0
D73: TL(IM ICDQV) | E73: QV | H73: HPP | I73: 236 | J73: 3270000 | K73: 3270000 | L73: 2509152 | M73: 2509152 | N73: =J73+L73 -> 5779152 | O73: =K73+M73 -> 5779152 | Q73: 3270000 | R73: 3270000 | S73: 2509152 | T73: 2509152 | U73: 5779152 | V73: 5779152 | W73: =+J73-Q73 -> 0 | X73: =+K73-R73 -> 0 | Y73: =+L73-S73 -> 0 | Z73: =+M73-T73 -> 0 | AA73: =+N73-U73 -> 0 | AB73: =+O73-V73 -> 0
D74: ICDQV | E74: TS(IM ICDQV) | I74: 35 | J74: 1100000 | K74: 1100000 | L74: 372120 | M74: 372120 | N74: =J74+L74 -> 1472120 | O74: =K74+M74 -> 1472120 | Q74: 1100000 | R74: 1100000 | S74: 372120 | T74: 372120 | U74: 1472120 | V74: 1472120 | W74: =+J74-Q74 -> 0 | X74: =+K74-R74 -> 0 | Y74: =+L74-S74 -> 0 | Z74: =+M74-T74 -> 0 | AA74: =+N74-U74 -> 0 | AB74: =+O74-V74 -> 0
D75: TS(IM ICDQV) | E75: TL | H75: HPP | I75: 277 | J75: 3600000 | K75: 3600000 | L75: 2945064 | M75: 2945064 | N75: =J75+L75 -> 6545064 | O75: =K75+M75 -> 6545064 | Q75: 3600000 | R75: 3600000 | S75: 2945064 | T75: 2945064 | U75: 6545064 | V75: 6545064 | W75: =+J75-Q75 -> 0 | X75: =+K75-R75 -> 0 | Y75: =+L75-S75 -> 0 | Z75: =+M75-T75 -> 0 | AA75: =+N75-U75 -> 0 | AB75: =+O75-V75 -> 0
D76: ICDQV | E76: TS(IM ICDQV) | I76: 35 | J76: 1100000 | K76: 1100000 | L76: 372120 | M76: 372120 | N76: =J76+L76 -> 1472120 | O76: =K76+M76 -> 1472120 | Q76: 1100000 | R76: 1100000 | S76: 372120 | T76: 372120 | U76: 1472120 | V76: 1472120 | W76: =+J76-Q76 -> 0 | X76: =+K76-R76 -> 0 | Y76: =+L76-S76 -> 0 | Z76: =+M76-T76 -> 0 | AA76: =+N76-U76 -> 0 | AB76: =+O76-V76 -> 0
D77: TS(IM ICDQV) | E77: TS | H77: HPP | I77: 231 | J77: 3300000 | K77: 3300000 | L77: 2455992 | M77: 2455992 | N77: =J77+L77 -> 5755992 | O77: =K77+M77 -> 5755992 | Q77: 3300000 | R77: 3300000 | S77: 2455992 | T77: 2455992 | U77: 5755992 | V77: 5755992 | W77: =+J77-Q77 -> 0 | X77: =+K77-R77 -> 0 | Y77: =+L77-S77 -> 0 | Z77: =+M77-T77 -> 0 | AA77: =+N77-U77 -> 0 | AB77: =+O77-V77 -> 0
D78: ICDQV | E78: TS(IM ICDQV) | I78: 35 | J78: 1100000 | K78: 1100000 | L78: 372120 | M78: 372120 | N78: =J78+L78 -> 1472120 | O78: =K78+M78 -> 1472120 | Q78: 1100000 | R78: 1100000 | S78: 372120 | T78: 372120 | U78: 1472120 | V78: 1472120 | W78: =+J78-Q78 -> 0 | X78: =+K78-R78 -> 0 | Y78: =+L78-S78 -> 0 | Z78: =+M78-T78 -> 0 | AA78: =+N78-U78 -> 0 | AB78: =+O78-V78 -> 0
D79: TS(IM ICDQV) | E79: QV | H79: HPP | I79: 245 | J79: 3300000 | K79: 3300000 | L79: 2604840 | M79: 2604840 | N79: =J79+L79 -> 5904840 | O79: =K79+M79 -> 5904840 | Q79: 3300000 | R79: 3300000 | S79: 2604840 | T79: 2604840 | U79: 5904840 | V79: 5904840 | W79: =+J79-Q79 -> 0 | X79: =+K79-R79 -> 0 | Y79: =+L79-S79 -> 0 | Z79: =+M79-T79 -> 0 | AA79: =+N79-U79 -> 0 | AB79: =+O79-V79 -> 0
D80: ICDQV | E80: QV(IM ICDQV) | I80: 25 | J80: 1000000 | K80: 1000000 | L80: 265800 | M80: 265800 | N80: =J80+L80 -> 1265800 | O80: =K80+M80 -> 1265800 | Q80: 1000000 | R80: 1000000 | S80: 265800 | T80: 265800 | U80: 1265800 | V80: 1265800 | W80: =+J80-Q80 -> 0 | X80: =+K80-R80 -> 0 | Y80: =+L80-S80 -> 0 | Z80: =+M80-T80 -> 0 | AA80: =+N80-U80 -> 0 | AB80: =+O80-V80 -> 0
D81: QV(IM ICDQV) | E81: TL | H81: HPP | I81: 296 | J81: 3600000 | K81: 3600000 | L81: 3147072 | M81: 3147072 | N81: =J81+L81 -> 6747072 | O81: =K81+M81 -> 6747072 | Q81: 3600000 | R81: 3600000 | S81: 3147072 | T81: 3147072 | U81: 6747072 | V81: 6747072 | W81: =+J81-Q81 -> 0 | X81: =+K81-R81 -> 0 | Y81: =+L81-S81 -> 0 | Z81: =+M81-T81 -> 0 | AA81: =+N81-U81 -> 0 | AB81: =+O81-V81 -> 0
D82: ICDQV | E82: QV(IM ICDQV) | I82: 25 | J82: 1000000 | K82: 1000000 | L82: 265800 | M82: 265800 | N82: =J82+L82 -> 1265800 | O82: =K82+M82 -> 1265800 | Q82: 1000000 | R82: 1000000 | S82: 265800 | T82: 265800 | U82: 1265800 | V82: 1265800 | W82: =+J82-Q82 -> 0 | X82: =+K82-R82 -> 0 | Y82: =+L82-S82 -> 0 | Z82: =+M82-T82 -> 0 | AA82: =+N82-U82 -> 0 | AB82: =+O82-V82 -> 0
D83: QV(IM ICDQV) | E83: TS | H83: HPP | I83: 250 | J83: 3300000 | K83: 3300000 | L83: 2658000 | M83: 2658000 | N83: =J83+L83 -> 5958000 | O83: =K83+M83 -> 5958000 | Q83: 3300000 | R83: 3300000 | S83: 2658000 | T83: 2658000 | U83: 5958000 | V83: 5958000 | W83: =+J83-Q83 -> 0 | X83: =+K83-R83 -> 0 | Y83: =+L83-S83 -> 0 | Z83: =+M83-T83 -> 0 | AA83: =+N83-U83 -> 0 | AB83: =+O83-V83 -> 0
D84: ICDQV | E84: QV(IM ICDQV) | I84: 25 | J84: 1000000 | K84: 1000000 | L84: 265800 | M84: 265800 | N84: =J84+L84 -> 1265800 | O84: =K84+M84 -> 1265800 | Q84: 1000000 | R84: 1000000 | S84: 265800 | T84: 265800 | U84: 1265800 | V84: 1265800 | W84: =+J84-Q84 -> 0 | X84: =+K84-R84 -> 0 | Y84: =+L84-S84 -> 0 | Z84: =+M84-T84 -> 0 | AA84: =+N84-U84 -> 0 | AB84: =+O84-V84 -> 0
D85: QV(IM ICDQV) | E85: QV | H85: HPP | I85: 219 | J85: 3000000 | K85: 3000000 | L85: 2328408 | M85: 2328408 | N85: =J85+L85 -> 5328408 | O85: =K85+M85 -> 5328408 | Q85: 3000000 | R85: 3000000 | S85: 2328408 | T85: 2328408 | U85: 5328408 | V85: 5328408 | W85: =+J85-Q85 -> 0 | X85: =+K85-R85 -> 0 | Y85: =+L85-S85 -> 0 | Z85: =+M85-T85 -> 0 | AA85: =+N85-U85 -> 0 | AB85: =+O85-V85 -> 0
C86: Internal CRU transportation | D86: ICDTP | E86: TL(IM ICDTP) | I86: 65 | J86: 1580000 | K86: 1580000 | L86: 691080 | M86: 691080 | N86: =J86+L86 -> 2271080 | O86: =K86+M86 -> 2271080 | Q86: 1580000 | R86: 1580000 | S86: 691080 | T86: 691080 | U86: 2271080 | V86: 2271080 | W86: =+J86-Q86 -> 0 | X86: =+K86-R86 -> 0 | Y86: =+L86-S86 -> 0 | Z86: =+M86-T86 -> 0 | AA86: =+N86-U86 -> 0 | AB86: =+O86-V86 -> 0
D87: TL(IM ICDTP) | E87: TL | H87: HPP | I87: 223 | J87: 3010000 | K87: 3010000 | L87: 2370936 | M87: 2370936 | N87: =J87+L87 -> 5380936 | O87: =K87+M87 -> 5380936 | Q87: 3010000 | R87: 3010000 | S87: 2370936 | T87: 2370936 | U87: 5380936 | V87: 5380936 | W87: =+J87-Q87 -> 0 | X87: =+K87-R87 -> 0 | Y87: =+L87-S87 -> 0 | Z87: =+M87-T87 -> 0 | AA87: =+N87-U87 -> 0 | AB87: =+O87-V87 -> 0
D88: ICDTP | E88: TL(IM ICDTP) | I88: 65 | J88: 1580000 | K88: 1580000 | L88: 691080 | M88: 691080 | N88: =J88+L88 -> 2271080 | O88: =K88+M88 -> 2271080 | Q88: 1580000 | R88: 1580000 | S88: 691080 | T88: 691080 | U88: 2271080 | V88: 2271080 | W88: =+J88-Q88 -> 0 | X88: =+K88-R88 -> 0 | Y88: =+L88-S88 -> 0 | Z88: =+M88-T88 -> 0 | AA88: =+N88-U88 -> 0 | AB88: =+O88-V88 -> 0
D89: TL(IM ICDTP) | E89: TS | H89: HPP | I89: 247 | J89: 3260000 | K89: 3260000 | L89: 2626104 | M89: 2626104 | N89: =J89+L89 -> 5886104 | O89: =K89+M89 -> 5886104 | Q89: 3260000 | R89: 3260000 | S89: 2626104 | T89: 2626104 | U89: 5886104 | V89: 5886104 | W89: =+J89-Q89 -> 0 | X89: =+K89-R89 -> 0 | Y89: =+L89-S89 -> 0 | Z89: =+M89-T89 -> 0 | AA89: =+N89-U89 -> 0 | AB89: =+O89-V89 -> 0
D90: ICDTP | E90: TL(IM ICDTP) | I90: 65 | J90: 1580000 | K90: 1580000 | L90: 691080 | M90: 691080 | N90: =J90+L90 -> 2271080 | O90: =K90+M90 -> 2271080 | Q90: 1580000 | R90: 1580000 | S90: 691080 | T90: 691080 | U90: 2271080 | V90: 2271080 | W90: =+J90-Q90 -> 0 | X90: =+K90-R90 -> 0 | Y90: =+L90-S90 -> 0 | Z90: =+M90-T90 -> 0 | AA90: =+N90-U90 -> 0 | AB90: =+O90-V90 -> 0
D91: TL(IM ICDTP) | E91: QV | H91: HPP | I91: 256 | J91: 3290000 | K91: 3290000 | L91: 2721792 | M91: 2721792 | N91: =J91+L91 -> 6011792 | O91: =K91+M91 -> 6011792 | Q91: 3290000 | R91: 3290000 | S91: 2721792 | T91: 2721792 | U91: 6011792 | V91: 6011792 | W91: =+J91-Q91 -> 0 | X91: =+K91-R91 -> 0 | Y91: =+L91-S91 -> 0 | Z91: =+M91-T91 -> 0 | AA91: =+N91-U91 -> 0 | AB91: =+O91-V91 -> 0
D92: ICDTP | E92: TS(IM ICDTP) | I92: 25 | J92: 1320000 | K92: 1320000 | L92: 265800 | M92: 265800 | N92: =J92+L92 -> 1585800 | O92: =K92+M92 -> 1585800 | Q92: 1320000 | R92: 1320000 | S92: 265800 | T92: 265800 | U92: 1585800 | V92: 1585800 | W92: =+J92-Q92 -> 0 | X92: =+K92-R92 -> 0 | Y92: =+L92-S92 -> 0 | Z92: =+M92-T92 -> 0 | AA92: =+N92-U92 -> 0 | AB92: =+O92-V92 -> 0
D93: TS(IM ICDTP) | E93: TL | H93: HPP | I93: 287 | J93: 3420000 | K93: 3420000 | L93: 3051384 | M93: 3051384 | N93: =J93+L93 -> 6471384 | O93: =K93+M93 -> 6471384 | Q93: 3420000 | R93: 3420000 | S93: 3051384 | T93: 3051384 | U93: 6471384 | V93: 6471384 | W93: =+J93-Q93 -> 0 | X93: =+K93-R93 -> 0 | Y93: =+L93-S93 -> 0 | Z93: =+M93-T93 -> 0 | AA93: =+N93-U93 -> 0 | AB93: =+O93-V93 -> 0
D94: ICDTP | E94: TS(IM ICDTP) | I94: 25 | J94: 1320000 | K94: 1320000 | L94: 265800 | M94: 265800 | N94: =J94+L94 -> 1585800 | O94: =K94+M94 -> 1585800 | Q94: 1320000 | R94: 1320000 | S94: 265800 | T94: 265800 | U94: 1585800 | V94: 1585800 | W94: =+J94-Q94 -> 0 | X94: =+K94-R94 -> 0 | Y94: =+L94-S94 -> 0 | Z94: =+M94-T94 -> 0 | AA94: =+N94-U94 -> 0 | AB94: =+O94-V94 -> 0
D95: TS(IM ICDTP) | E95: TS | H95: HPP | I95: 241 | J95: 3100000 | K95: 3100000 | L95: 2562312 | M95: 2562312 | N95: =J95+L95 -> 5662312 | O95: =K95+M95 -> 5662312 | Q95: 3100000 | R95: 3100000 | S95: 2562312 | T95: 2562312 | U95: 5662312 | V95: 5662312 | W95: =+J95-Q95 -> 0 | X95: =+K95-R95 -> 0 | Y95: =+L95-S95 -> 0 | Z95: =+M95-T95 -> 0 | AA95: =+N95-U95 -> 0 | AB95: =+O95-V95 -> 0
D96: ICDTP | E96: TS(IM ICDTP) | I96: 25 | J96: 1320000 | K96: 1320000 | L96: 265800 | M96: 265800 | N96: =J96+L96 -> 1585800 | O96: =K96+M96 -> 1585800 | Q96: 1320000 | R96: 1320000 | S96: 265800 | T96: 265800 | U96: 1585800 | V96: 1585800 | W96: =+J96-Q96 -> 0 | X96: =+K96-R96 -> 0 | Y96: =+L96-S96 -> 0 | Z96: =+M96-T96 -> 0 | AA96: =+N96-U96 -> 0 | AB96: =+O96-V96 -> 0
D97: TS(IM ICDTP) | E97: QV | H97: HPP | I97: 250 | J97: 3360000 | K97: 3360000 | L97: 2658000 | M97: 2658000 | N97: =J97+L97 -> 6018000 | O97: =K97+M97 -> 6018000 | Q97: 3360000 | R97: 3360000 | S97: 2658000 | T97: 2658000 | U97: 6018000 | V97: 6018000 | W97: =+J97-Q97 -> 0 | X97: =+K97-R97 -> 0 | Y97: =+L97-S97 -> 0 | Z97: =+M97-T97 -> 0 | AA97: =+N97-U97 -> 0 | AB97: =+O97-V97 -> 0
D98: ICDTP | E98: QV(IM ICDTP) | I98: 30 | J98: 1460000 | K98: 1460000 | L98: 318960 | M98: 318960 | N98: =J98+L98 -> 1778960 | O98: =K98+M98 -> 1778960 | Q98: 1460000 | R98: 1460000 | S98: 318960 | T98: 318960 | U98: 1778960 | V98: 1778960 | W98: =+J98-Q98 -> 0 | X98: =+K98-R98 -> 0 | Y98: =+L98-S98 -> 0 | Z98: =+M98-T98 -> 0 | AA98: =+N98-U98 -> 0 | AB98: =+O98-V98 -> 0
D99: QV(IM ICDTP) | E99: TL | H99: HPP | I99: 258 | J99: 3670000 | K99: 3670000 | L99: 2743056 | M99: 2743056 | N99: =J99+L99 -> 6413056 | O99: =K99+M99 -> 6413056 | Q99: 3670000 | R99: 3670000 | S99: 2743056 | T99: 2743056 | U99: 6413056 | V99: 6413056 | W99: =+J99-Q99 -> 0 | X99: =+K99-R99 -> 0 | Y99: =+L99-S99 -> 0 | Z99: =+M99-T99 -> 0 | AA99: =+N99-U99 -> 0 | AB99: =+O99-V99 -> 0
D100: ICDTP | E100: QV(IM ICDTP) | I100: 30 | J100: 1460000 | K100: 1460000 | L100: 318960 | M100: 318960 | N100: =J100+L100 -> 1778960 | O100: =K100+M100 -> 1778960 | Q100: 1460000 | R100: 1460000 | S100: 318960 | T100: 318960 | U100: 1778960 | V100: 1778960 | W100: =+J100-Q100 -> 0 | X100: =+K100-R100 -> 0 | Y100: =+L100-S100 -> 0 | Z100: =+M100-T100 -> 0 | AA100: =+N100-U100 -> 0 | AB100: =+O100-V100 -> 0
D101: QV(IM ICDTP) | E101: TS | H101: HPP | I101: 245 | J101: 3160000 | K101: 3160000 | L101: 2604840 | M101: 2604840 | N101: =J101+L101 -> 5764840 | O101: =K101+M101 -> 5764840 | Q101: 3160000 | R101: 3160000 | S101: 2604840 | T101: 2604840 | U101: 5764840 | V101: 5764840 | W101: =+J101-Q101 -> 0 | X101: =+K101-R101 -> 0 | Y101: =+L101-S101 -> 0 | Z101: =+M101-T101 -> 0 | AA101: =+N101-U101 -> 0 | AB101: =+O101-V101 -> 0
D102: ICDTP | E102: QV(IM ICDTP) | I102: 30 | J102: 1460000 | K102: 1460000 | L102: 318960 | M102: 318960 | N102: =J102+L102 -> 1778960 | O102: =K102+M102 -> 1778960 | Q102: 1460000 | R102: 1460000 | S102: 318960 | T102: 318960 | U102: 1778960 | V102: 1778960 | W102: =+J102-Q102 -> 0 | X102: =+K102-R102 -> 0 | Y102: =+L102-S102 -> 0 | Z102: =+M102-T102 -> 0 | AA102: =+N102-U102 -> 0 | AB102: =+O102-V102 -> 0
D103: QV(IM ICDTP) | E103: QV | H103: HPP | I103: 214 | J103: 2890000 | K103: 2890000 | L103: 2275248 | M103: 2275248 | N103: =J103+L103 -> 5165248 | O103: =K103+M103 -> 5165248 | Q103: 2890000 | R103: 2890000 | S103: 2275248 | T103: 2275248 | U103: 5165248 | V103: 5165248 | W103: =+J103-Q103 -> 0 | X103: =+K103-R103 -> 0 | Y103: =+L103-S103 -> 0 | Z103: =+M103-T103 -> 0 | AA103: =+N103-U103 -> 0 | AB103: =+O103-V103 -> 0
C104: External CRU transportation | D104: HN | E104: TL | H104: HPP | I104: 195 | J104: 2750000 | K104: 2750000 | L104: 2073240 | M104: 2073240 | N104: =J104+L104 -> 4823240 | O104: =K104+M104 -> 4823240 | Q104: 2750000 | R104: 2750000 | S104: 2073240 | T104: 2073240 | U104: 4823240 | V104: 4823240 | W104: =+J104-Q104 -> 0 | X104: =+K104-R104 -> 0 | Y104: =+L104-S104 -> 0 | Z104: =+M104-T104 -> 0 | AA104: =+N104-U104 -> 0 | AB104: =+O104-V104 -> 0
...

Sheet Attachmen(disconnect & conn (2
F1: LOGISTICS QUOTATION LIST OF HANDLING IMPORT/EXPORT CARGO
B2: Issued by MBF JOINT STOCK COMPANY on: | I2: =QUOTATION!AH10 -> 46132
B3: This attached file is an integral part of the Quotation No: | I3: =+QUOTATION!AM9 -> MBF-202607-00 | K3: effective date: | L3: =QUOTATION!AH11 -> 46204
B5: 1. | C5: CUSTOMS CLEARANCE FEE
C7: Factory | E7: Kind | F7: Item | J7: 40FT | K7: 20FT | L7: LCL | M7: Air | N7: Domestics | O7: Remark
J8: Container | K8: Container | L8: CDS | M8: CDS | N8: CDS
C9: TL/TS/QV | E9: Export/ Import | F9: Local custom clerance fee | J9: 200000 | K9: 200000 | L9: 200000 | M9: 200000 | N9: 200000
F10: Port custom clerance fee | J10: 100000 | K10: 100000 | L10: 100000 | M10: 100000 | N10: 0
F11: Total | J11: =J9+J10 -> 300000 | K11: =K9+K10 -> 300000 | L11: =L9+L10 -> 300000 | M11: =M9+M10 -> 300000 | N11: =N9+N10 -> 200000
C12: Branch CDS (over 50 item lines) | J12: 100000 | K12: 100000 | L12: 100000 | M12: 100000 | N12: 100000
C13: Additional CDS (2 or more different CDS for each shipment/ each invoice, except branch CDS as mentioned above) | J13: 200000 | K13: 200000 | L13: - | M13: - | N13: -
C14: Combine container (cargo of 2 or 3 factories combined in 1 container), from the 2nd CDS | J14: 200000 | K14: 200000 | L14: - | M14: - | N14: -
B16: 2. | C16: DRAYAGE BY TRIP
B17: 2.1. | C17: HAI PHONG PORT
B18: 2.1.1 | C18: TRUCK DISCONNECT WITH CHASSIS TO HAI PHONG PORT
C20: KIND | D20: Routing | I20: Distance ( km) | J20: Transportation fee | L20: Fuel fee | N20: Total
D21: FROM | E21: TO | F21: TO | G21: TO | H21: TO | J21: 40FT | K21: 20FT | L21: 40FT | M21: 20FT | N21: 40FT | O21: 20FT
C22: Transportation 1 way of Import/Export | D22: HPP | E22: TL | H22: HPP | I22: 287 | J22: 3320000 | K22: 3320000 | L22: 2644533 | M22: 2644533 | N22: =J22+L22 -> 5964533 | O22: =K22+M22 -> 5964533 | Q22: 3320000 | R22: 3320000 | S22: 2644532.8 | T22: 2644532.8 | U22: 5964532.8 | V22: 5964532.8 | W22: =+J22-Q22 -> 0 | X22: =+K22-R22 -> 0 | Y22: =+L22-S22 -> 0.2 | Z22: =+M22-T22 -> 0.2 | AA22: =+N22-U22 -> 0.2 | AB22: =+O22-V22 -> 0.2
D23: HPP | E23: TS | H23: HPP | I23: 266 | J23: 3000000 | K23: 3000000 | L23: 2451030 | M23: 2451030 | N23: =J23+L23 -> 5451030 | O23: =K23+M23 -> 5451030 | Q23: 3000000 | R23: 3000000 | S23: 2451030.4 | T23: 2451030.4 | U23: 5451030.4 | V23: 5451030.4 | W23: =+J23-Q23 -> 0 | X23: =+K23-R23 -> 0 | Y23: =+L23-S23 -> -0.4 | Z23: =+M23-T23 -> -0.4 | AA23: =+N23-U23 -> -0.4 | AB23: =+O23-V23 -> -0.4
D24: HPP | E24: QV | H24: HPP | I24: 255 | J24: 3000000 | K24: 3000000 | L24: 2349672 | M24: 2349672 | N24: =J24+L24 -> 5349672 | O24: =K24+M24 -> 5349672 | Q24: 3000000 | R24: 3000000 | S24: 2349672 | T24: 2349672 | U24: 5349672 | V24: 5349672 | W24: =+J24-Q24 -> 0 | X24: =+K24-R24 -> 0 | Y24: =+L24-S24 -> 0 | Z24: =+M24-T24 -> 0 | AA24: =+N24-U24 -> 0 | AB24: =+O24-V24 -> 0
D25: HPP | E25: TL | F25: TS | H25: HPP | I25: 312 | J25: 3800000 | K25: 3800000 | L25: 2874893 | M25: 2874893 | N25: =J25+L25 -> 6674893 | O25: =K25+M25 -> 6674893 | Q25: 3800000 | R25: 3800000 | S25: 2874892.8 | T25: 2874892.8 | U25: 6674892.8 | V25: 6674892.8 | W25: =+J25-Q25 -> 0 | X25: =+K25-R25 -> 0 | Y25: =+L25-S25 -> 0.2 | Z25: =+M25-T25 -> 0.2 | AA25: =+N25-U25 -> 0.2 | AB25: =+O25-V25 -> 0.2
D26: HPP | E26: TL | F26: QV | H26: HPP | I26: 320 | J26: 3820000 | K26: 3820000 | L26: 2948608 | M26: 2948608 | N26: =J26+L26 -> 6768608 | O26: =K26+M26 -> 6768608 | Q26: 3820000 | R26: 3820000 | S26: 2948608 | T26: 2948608 | U26: 6768608 | V26: 6768608 | W26: =+J26-Q26 -> 0 | X26: =+K26-R26 -> 0 | Y26: =+L26-S26 -> 0 | Z26: =+M26-T26 -> 0 | AA26: =+N26-U26 -> 0 | AB26: =+O26-V26 -> 0
D27: HPP | E27: TS | F27: QV | H27: HPP | I27: 280 | J27: 3390000 | K27: 3390000 | L27: 2580032 | M27: 2580032 | N27: =J27+L27 -> 5970032 | O27: =K27+M27 -> 5970032 | Q27: 3390000 | R27: 3390000 | S27: 2580032 | T27: 2580032 | U27: 5970032 | V27: 5970032 | W27: =+J27-Q27 -> 0 | X27: =+K27-R27 -> 0 | Y27: =+L27-S27 -> 0 | Z27: =+M27-T27 -> 0 | AA27: =+N27-U27 -> 0 | AB27: =+O27-V27 -> 0
D28: HPP | E28: TL | F28: TS | G28: QV | H28: HPP | I28: 366 | J28: 4120000 | K28: 4120000 | L28: 3372470 | M28: 3372470 | N28: =J28+L28 -> 7492470 | O28: =K28+M28 -> 7492470 | Q28: 4120000 | R28: 4120000 | S28: 3372470.4 | T28: 3372470.4 | U28: 7492470.4 | V28: 7492470.4 | W28: =+J28-Q28 -> 0 | X28: =+K28-R28 -> 0 | Y28: =+L28-S28 -> -0.4 | Z28: =+M28-T28 -> -0.4 | AA28: =+N28-U28 -> -0.4 | AB28: =+O28-V28 -> -0.4
D29: HPP | E29: CEV | H29: HPP | I29: 195 | J29: 2720000 | K29: 2720000 | L29: 1796808 | M29: 1796808 | N29: =J29+L29 -> 4516808 | O29: =K29+M29 -> 4516808 | Q29: 2720000 | R29: 2720000 | S29: 1796808 | T29: 1796808 | U29: 4516808 | V29: 4516808 | W29: =+J29-Q29 -> 0 | X29: =+K29-R29 -> 0 | Y29: =+L29-S29 -> 0 | Z29: =+M29-T29 -> 0 | AA29: =+N29-U29 -> 0 | AB29: =+O29-V29 -> 0
D30: HPP | E30: CEV | F30: TL | H30: HPP | I30: 288 | J30: 3470000 | K30: 3470000 | L30: 2653747 | M30: 2653747 | N30: =J30+L30 -> 6123747 | O30: =K30+M30 -> 6123747 | Q30: 3470000 | R30: 3470000 | S30: 2653747.2 | T30: 2653747.2 | U30: 6123747.2 | V30: 6123747.2 | W30: =+J30-Q30 -> 0 | X30: =+K30-R30 -> 0 | Y30: =+L30-S30 -> -0.2 | Z30: =+M30-T30 -> -0.2 | AA30: =+N30-U30 -> -0.2 | AB30: =+O30-V30 -> -0.2
D31: HPP | E31: CEV | F31: TS | H31: HPP | I31: 276 | J31: 3430000 | K31: 3430000 | L31: 2543174 | M31: 2543174 | N31: =J31+L31 -> 5973174 | O31: =K31+M31 -> 5973174 | Q31: 3430000 | R31: 3430000 | S31: 2543174.4 | T31: 2543174.4 | U31: 5973174.4 | V31: 5973174.4 | W31: =+J31-Q31 -> 0 | X31: =+K31-R31 -> 0 | Y31: =+L31-S31 -> -0.4 | Z31: =+M31-T31 -> -0.4 | AA31: =+N31-U31 -> -0.4 | AB31: =+O31-V31 -> -0.4
D32: HPP | E32: VSIP | H32: HPP | I32: 246 | J32: 3070000 | K32: 3070000 | L32: 2266742 | M32: 2266742 | N32: =J32+L32 -> 5336742 | O32: =K32+M32 -> 5336742 | Q32: 3070000 | R32: 3070000 | S32: 2266742.4 | T32: 2266742.4 | U32: 5336742.4 | V32: 5336742.4 | W32: =+J32-Q32 -> 0 | X32: =+K32-R32 -> 0 | Y32: =+L32-S32 -> -0.4 | Z32: =+M32-T32 -> -0.4 | AA32: =+N32-U32 -> -0.4 | AB32: =+O32-V32 -> -0.4
D33: HPP | E33: VSIP | F33: TS | H33: HPP | I33: 266 | J33: 3400000 | K33: 3400000 | L33: 2451030 | M33: 2451030 | N33: =J33+L33 -> 5851030 | O33: =K33+M33 -> 5851030 | Q33: 3400000 | R33: 3400000 | S33: 2451030.4 | T33: 2451030.4 | U33: 5851030.4 | V33: 5851030.4 | W33: =+J33-Q33 -> 0 | X33: =+K33-R33 -> 0 | Y33: =+L33-S33 -> -0.4 | Z33: =+M33-T33 -> -0.4 | AA33: =+N33-U33 -> -0.4 | AB33: =+O33-V33 -> -0.4
D34: HPP | E34: VSIP | F34: QV | H34: HPP | I34: 268 | J34: 3410000 | K34: 3410000 | L34: 2469459 | M34: 2469459 | N34: =J34+L34 -> 5879459 | O34: =K34+M34 -> 5879459 | Q34: 3410000 | R34: 3410000 | S34: 2469459.2 | T34: 2469459.2 | U34: 5879459.2 | V34: 5879459.2 | W34: =+J34-Q34 -> 0 | X34: =+K34-R34 -> 0 | Y34: =+L34-S34 -> -0.2 | Z34: =+M34-T34 -> -0.2 | AA34: =+N34-U34 -> -0.2 | AB34: =+O34-V34 -> -0.2
D35: HPP | E35: VSIP | F35: TS | G35: QV | H35: HPP | I35: 288 | J35: 3620000 | K35: 3620000 | L35: 2653747 | M35: 2653747 | N35: =J35+L35 -> 6273747 | O35: =K35+M35 -> 6273747 | Q35: 3620000 | R35: 3620000 | S35: 2653747.2 | T35: 2653747.2 | U35: 6273747.2 | V35: 6273747.2 | W35: =+J35-Q35 -> 0 | X35: =+K35-R35 -> 0 | Y35: =+L35-S35 -> -0.2 | Z35: =+M35-T35 -> -0.2 | AA35: =+N35-U35 -> -0.2 | AB35: =+O35-V35 -> -0.2
C36: Transportation 1 way of Import/Export | D36: ICDQV | E36: TL | H36: HPP | I36: 287 | J36: 3320000 | K36: 3320000 | L36: 2644533 | M36: 2644533 | N36: =J36+L36 -> 5964533 | O36: =K36+M36 -> 5964533 | Q36: 3320000 | R36: 3320000 | S36: 2644532.8 | T36: 2644532.8 | U36: 5964532.8 | V36: 5964532.8 | W36: =+J36-Q36 -> 0 | X36: =+K36-R36 -> 0 | Y36: =+L36-S36 -> 0.2 | Z36: =+M36-T36 -> 0.2 | AA36: =+N36-U36 -> 0.2 | AB36: =+O36-V36 -> 0.2
D37: ICDQV | E37: TS | H37: HPP | I37: 266 | J37: 3050000 | K37: 3050000 | L37: 2451030 | M37: 2451030 | N37: =J37+L37 -> 5501030 | O37: =K37+M37 -> 5501030 | Q37: 3050000 | R37: 3050000 | S37: 2451030.4 | T37: 2451030.4 | U37: 5501030.4 | V37: 5501030.4 | W37: =+J37-Q37 -> 0 | X37: =+K37-R37 -> 0 | Y37: =+L37-S37 -> -0.4 | Z37: =+M37-T37 -> -0.4 | AA37: =+N37-U37 -> -0.4 | AB37: =+O37-V37 -> -0.4
D38: ICDQV | E38: QV | H38: HPP | I38: 255 | J38: 3010000 | K38: 3010000 | L38: 2349672 | M38: 2349672 | N38: =J38+L38 -> 5359672 | O38: =K38+M38 -> 5359672 | Q38: 3010000 | R38: 3010000 | S38: 2349672 | T38: 2349672 | U38: 5359672 | V38: 5359672 | W38: =+J38-Q38 -> 0 | X38: =+K38-R38 -> 0 | Y38: =+L38-S38 -> 0 | Z38: =+M38-T38 -> 0 | AA38: =+N38-U38 -> 0 | AB38: =+O38-V38 -> 0
D39: ICDQV | E39: TL | F39: TS | H39: HPP | I39: 312 | J39: 3800000 | K39: 3800000 | L39: 2874893 | M39: 2874893 | N39: =J39+L39 -> 6674893 | O39: =K39+M39 -> 6674893 | Q39: 3800000 | R39: 3800000 | S39: 2874892.8 | T39: 2874892.8 | U39: 6674892.8 | V39: 6674892.8 | W39: =+J39-Q39 -> 0 | X39: =+K39-R39 -> 0 | Y39: =+L39-S39 -> 0.2 | Z39: =+M39-T39 -> 0.2 | AA39: =+N39-U39 -> 0.2 | AB39: =+O39-V39 -> 0.2
D40: ICDQV | E40: TL | F40: QV | H40: HPP | I40: 320 | J40: 3820000 | K40: 3820000 | L40: 2948608 | M40: 2948608 | N40: =J40+L40 -> 6768608 | O40: =K40+M40 -> 6768608 | Q40: 3820000 | R40: 3820000 | S40: 2948608 | T40: 2948608 | U40: 6768608 | V40: 6768608 | W40: =+J40-Q40 -> 0 | X40: =+K40-R40 -> 0 | Y40: =+L40-S40 -> 0 | Z40: =+M40-T40 -> 0 | AA40: =+N40-U40 -> 0 | AB40: =+O40-V40 -> 0
D41: ICDQV | E41: TS | F41: QV | H41: HPP | I41: 280 | J41: 3390000 | K41: 3390000 | L41: 2580032 | M41: 2580032 | N41: =J41+L41 -> 5970032 | O41: =K41+M41 -> 5970032 | Q41: 3390000 | R41: 3390000 | S41: 2580032 | T41: 2580032 | U41: 5970032 | V41: 5970032 | W41: =+J41-Q41 -> 0 | X41: =+K41-R41 -> 0 | Y41: =+L41-S41 -> 0 | Z41: =+M41-T41 -> 0 | AA41: =+N41-U41 -> 0 | AB41: =+O41-V41 -> 0
D42: ICDQV | E42: TL | F42: TS | G42: QV | H42: HPP | I42: 366 | J42: 4120000 | K42: 4120000 | L42: 3372470 | M42: 3372470 | N42: =J42+L42 -> 7492470 | O42: =K42+M42 -> 7492470 | Q42: 4120000 | R42: 4120000 | S42: 3372470.4 | T42: 3372470.4 | U42: 7492470.4 | V42: 7492470.4 | W42: =+J42-Q42 -> 0 | X42: =+K42-R42 -> 0 | Y42: =+L42-S42 -> -0.4 | Z42: =+M42-T42 -> -0.4 | AA42: =+N42-U42 -> -0.4 | AB42: =+O42-V42 -> -0.4
D43: ICDTP | E43: TL | H43: HPP | I43: 287 | J43: 3320000 | K43: 3320000 | L43: 2644533 | M43: 2644533 | N43: =J43+L43 -> 5964533 | O43: =K43+M43 -> 5964533 | Q43: 3320000 | R43: 3320000 | S43: 2644532.8 | T43: 2644532.8 | U43: 5964532.8 | V43: 5964532.8 | W43: =+J43-Q43 -> 0 | X43: =+K43-R43 -> 0 | Y43: =+L43-S43 -> 0.2 | Z43: =+M43-T43 -> 0.2 | AA43: =+N43-U43 -> 0.2 | AB43: =+O43-V43 -> 0.2
D44: ICDTP | E44: TS | H44: HPP | I44: 266 | J44: 3050000 | K44: 3050000 | L44: 2451030 | M44: 2451030 | N44: =J44+L44 -> 5501030 | O44: =K44+M44 -> 5501030 | Q44: 3050000 | R44: 3050000 | S44: 2451030.4 | T44: 2451030.4 | U44: 5501030.4 | V44: 5501030.4 | W44: =+J44-Q44 -> 0 | X44: =+K44-R44 -> 0 | Y44: =+L44-S44 -> -0.4 | Z44: =+M44-T44 -> -0.4 | AA44: =+N44-U44 -> -0.4 | AB44: =+O44-V44 -> -0.4
D45: ICDTP | E45: QV | H45: HPP | I45: 255 | J45: 3010000 | K45: 3010000 | L45: 2349672 | M45: 2349672 | N45: =J45+L45 -> 5359672 | O45: =K45+M45 -> 5359672 | Q45: 3010000 | R45: 3010000 | S45: 2349672 | T45: 2349672 | U45: 5359672 | V45: 5359672 | W45: =+J45-Q45 -> 0 | X45: =+K45-R45 -> 0 | Y45: =+L45-S45 -> 0 | Z45: =+M45-T45 -> 0 | AA45: =+N45-U45 -> 0 | AB45: =+O45-V45 -> 0
D46: ICDTP | E46: TL | F46: TS | H46: HPP | I46: 312 | J46: 3800000 | K46: 3800000 | L46: 2874893 | M46: 2874893 | N46: =J46+L46 -> 6674893 | O46: =K46+M46 -> 6674893 | Q46: 3800000 | R46: 3800000 | S46: 2874892.8 | T46: 2874892.8 | U46: 6674892.8 | V46: 6674892.8 | W46: =+J46-Q46 -> 0 | X46: =+K46-R46 -> 0 | Y46: =+L46-S46 -> 0.2 | Z46: =+M46-T46 -> 0.2 | AA46: =+N46-U46 -> 0.2 | AB46: =+O46-V46 -> 0.2
D47: ICDTP | E47: TL | F47: QV | H47: HPP | I47: 320 | J47: 3820000 | K47: 3820000 | L47: 2948608 | M47: 2948608 | N47: =J47+L47 -> 6768608 | O47: =K47+M47 -> 6768608 | Q47: 3820000 | R47: 3820000 | S47: 2948608 | T47: 2948608 | U47: 6768608 | V47: 6768608 | W47: =+J47-Q47 -> 0 | X47: =+K47-R47 -> 0 | Y47: =+L47-S47 -> 0 | Z47: =+M47-T47 -> 0 | AA47: =+N47-U47 -> 0 | AB47: =+O47-V47 -> 0
D48: ICDTP | E48: TS | F48: QV | H48: HPP | I48: 280 | J48: 3390000 | K48: 3390000 | L48: 2580032 | M48: 2580032 | N48: =J48+L48 -> 5970032 | O48: =K48+M48 -> 5970032 | Q48: 3390000 | R48: 3390000 | S48: 2580032 | T48: 2580032 | U48: 5970032 | V48: 5970032 | W48: =+J48-Q48 -> 0 | X48: =+K48-R48 -> 0 | Y48: =+L48-S48 -> 0 | Z48: =+M48-T48 -> 0 | AA48: =+N48-U48 -> 0 | AB48: =+O48-V48 -> 0
D49: ICDTP | E49: TL | F49: TS | G49: QV | H49: HPP | I49: 366 | J49: 4120000 | K49: 4120000 | L49: 3372470 | M49: 3372470 | N49: =J49+L49 -> 7492470 | O49: =K49+M49 -> 7492470 | Q49: 4120000 | R49: 4120000 | S49: 3372470.4 | T49: 3372470.4 | U49: 7492470.4 | V49: 7492470.4 | W49: =+J49-Q49 -> 0 | X49: =+K49-R49 -> 0 | Y49: =+L49-S49 -> -0.4 | Z49: =+M49-T49 -> -0.4 | AA49: =+N49-U49 -> -0.4 | AB49: =+O49-V49 -> -0.4
C50: Internal CRU transportation | D50: HPP | E50: TL(IM HPP) | I50: 144 | J50: 2300000 | K50: 2300000 | L50: 1531008 | M50: 1531008 | N50: =J50+L50 -> 3831008 | O50: =K50+M50 -> 3831008 | Q50: 2300000 | R50: 2300000 | S50: 1531008 | T50: 1531008 | U50: 3831008 | V50: 3831008 | W50: =+J50-Q50 -> 0 | X50: =+K50-R50 -> 0 | Y50: =+L50-S50 -> 0 | Z50: =+M50-T50 -> 0 | AA50: =+N50-U50 -> 0 | AB50: =+O50-V50 -> 0
D51: TL(IM HPP) | E51: TL | H51: HPP | I51: 144 | J51: 2300000 | K51: 2300000 | L51: 1531008 | M51: 1531008 | N51: =J51+L51 -> 3831008 | O51: =K51+M51 -> 3831008 | Q51: 2300000 | R51: 2300000 | S51: 1531008 | T51: 1531008 | U51: 3831008 | V51: 3831008 | W51: =+J51-Q51 -> 0 | X51: =+K51-R51 -> 0 | Y51: =+L51-S51 -> 0 | Z51: =+M51-T51 -> 0 | AA51: =+N51-U51 -> 0 | AB51: =+O51-V51 -> 0
D52: HPP | E52: TL(IM HPP) | I52: 144 | J52: 2300000 | K52: 2300000 | L52: 1531008 | M52: 1531008 | N52: =J52+L52 -> 3831008 | O52: =K52+M52 -> 3831008 | Q52: 2300000 | R52: 2300000 | S52: 1531008 | T52: 1531008 | U52: 3831008 | V52: 3831008 | W52: =+J52-Q52 -> 0 | X52: =+K52-R52 -> 0 | Y52: =+L52-S52 -> 0 | Z52: =+M52-T52 -> 0 | AA52: =+N52-U52 -> 0 | AB52: =+O52-V52 -> 0
D53: TL(IM HPP) | E53: TS | H53: HPP | I53: 168 | J53: 2550000 | K53: 2550000 | L53: 1786176 | M53: 1786176 | N53: =J53+L53 -> 4336176 | O53: =K53+M53 -> 4336176 | Q53: 2550000 | R53: 2550000 | S53: 1786176 | T53: 1786176 | U53: 4336176 | V53: 4336176 | W53: =+J53-Q53 -> 0 | X53: =+K53-R53 -> 0 | Y53: =+L53-S53 -> 0 | Z53: =+M53-T53 -> 0 | AA53: =+N53-U53 -> 0 | AB53: =+O53-V53 -> 0
D54: HPP | E54: TL(IM HPP) | I54: 144 | J54: 2300000 | K54: 2300000 | L54: 1531008 | M54: 1531008 | N54: =J54+L54 -> 3831008 | O54: =K54+M54 -> 3831008 | Q54: 2300000 | R54: 2300000 | S54: 1531008 | T54: 1531008 | U54: 3831008 | V54: 3831008 | W54: =+J54-Q54 -> 0 | X54: =+K54-R54 -> 0 | Y54: =+L54-S54 -> 0 | Z54: =+M54-T54 -> 0 | AA54: =+N54-U54 -> 0 | AB54: =+O54-V54 -> 0
D55: TL(IM HPP) | E55: QV | H55: HPP | I55: 177 | J55: 2580000 | K55: 2580000 | L55: 1881864 | M55: 1881864 | N55: =J55+L55 -> 4461864 | O55: =K55+M55 -> 4461864 | Q55: 2580000 | R55: 2580000 | S55: 1881864 | T55: 1881864 | U55: 4461864 | V55: 4461864 | W55: =+J55-Q55 -> 0 | X55: =+K55-R55 -> 0 | Y55: =+L55-S55 -> 0 | Z55: =+M55-T55 -> 0 | AA55: =+N55-U55 -> 0 | AB55: =+O55-V55 -> 0
D56: HPP | E56: TS(IM HPP) | I56: 133 | J56: 2210000 | K56: 2210000 | L56: 1414056 | M56: 1414056 | N56: =J56+L56 -> 3624056 | O56: =K56+M56 -> 3624056 | Q56: 2210000 | R56: 2210000 | S56: 1414056 | T56: 1414056 | U56: 3624056 | V56: 3624056 | W56: =+J56-Q56 -> 0 | X56: =+K56-R56 -> 0 | Y56: =+L56-S56 -> 0 | Z56: =+M56-T56 -> 0 | AA56: =+N56-U56 -> 0 | AB56: =+O56-V56 -> 0
D57: TS(IM HPP) | E57: TL | H57: HPP | I57: 179 | J57: 2530000 | K57: 2530000 | L57: 1903128 | M57: 1903128 | N57: =J57+L57 -> 4433128 | O57: =K57+M57 -> 4433128 | Q57: 2530000 | R57: 2530000 | S57: 1903128 | T57: 1903128 | U57: 4433128 | V57: 4433128 | W57: =+J57-Q57 -> 0 | X57: =+K57-R57 -> 0 | Y57: =+L57-S57 -> 0 | Z57: =+M57-T57 -> 0 | AA57: =+N57-U57 -> 0 | AB57: =+O57-V57 -> 0
D58: HPP | E58: TS(IM HPP) | I58: 133 | J58: 2210000 | K58: 2210000 | L58: 1414056 | M58: 1414056 | N58: =J58+L58 -> 3624056 | O58: =K58+M58 -> 3624056 | Q58: 2210000 | R58: 2210000 | S58: 1414056 | T58: 1414056 | U58: 3624056 | V58: 3624056 | W58: =+J58-Q58 -> 0 | X58: =+K58-R58 -> 0 | Y58: =+L58-S58 -> 0 | Z58: =+M58-T58 -> 0 | AA58: =+N58-U58 -> 0 | AB58: =+O58-V58 -> 0
D59: TS(IM HPP) | E59: TS | H59: HPP | I59: 133 | J59: 2210000 | K59: 2210000 | L59: 1414056 | M59: 1414056 | N59: =J59+L59 -> 3624056 | O59: =K59+M59 -> 3624056 | Q59: 2210000 | R59: 2210000 | S59: 1414056 | T59: 1414056 | U59: 3624056 | V59: 3624056 | W59: =+J59-Q59 -> 0 | X59: =+K59-R59 -> 0 | Y59: =+L59-S59 -> 0 | Z59: =+M59-T59 -> 0 | AA59: =+N59-U59 -> 0 | AB59: =+O59-V59 -> 0
D60: HPP | E60: TS(IM HPP) | I60: 133 | J60: 2210000 | K60: 2210000 | L60: 1414056 | M60: 1414056 | N60: =J60+L60 -> 3624056 | O60: =K60+M60 -> 3624056 | Q60: 2210000 | R60: 2210000 | S60: 1414056 | T60: 1414056 | U60: 3624056 | V60: 3624056 | W60: =+J60-Q60 -> 0 | X60: =+K60-R60 -> 0 | Y60: =+L60-S60 -> 0 | Z60: =+M60-T60 -> 0 | AA60: =+N60-U60 -> 0 | AB60: =+O60-V60 -> 0
D61: TS(IM HPP) | E61: QV | H61: HPP | I61: 147 | J61: 2420000 | K61: 2420000 | L61: 1562904 | M61: 1562904 | N61: =J61+L61 -> 3982904 | O61: =K61+M61 -> 3982904 | Q61: 2420000 | R61: 2420000 | S61: 1562904 | T61: 1562904 | U61: 3982904 | V61: 3982904 | W61: =+J61-Q61 -> 0 | X61: =+K61-R61 -> 0 | Y61: =+L61-S61 -> 0 | Z61: =+M61-T61 -> 0 | AA61: =+N61-U61 -> 0 | AB61: =+O61-V61 -> 0
D62: HPP | E62: QV(IM HPP) | I62: 122 | J62: 2170000 | K62: 2170000 | L62: 1297104 | M62: 1297104 | N62: =J62+L62 -> 3467104 | O62: =K62+M62 -> 3467104 | Q62: 2170000 | R62: 2170000 | S62: 1297104 | T62: 1297104 | U62: 3467104 | V62: 3467104 | W62: =+J62-Q62 -> 0 | X62: =+K62-R62 -> 0 | Y62: =+L62-S62 -> 0 | Z62: =+M62-T62 -> 0 | AA62: =+N62-U62 -> 0 | AB62: =+O62-V62 -> 0
D63: QV(IM HPP) | E63: TL | H63: HPP | I63: 199 | J63: 2610000 | K63: 2610000 | L63: 2115768 | M63: 2115768 | N63: =J63+L63 -> 4725768 | O63: =K63+M63 -> 4725768 | Q63: 2610000 | R63: 2610000 | S63: 2115768 | T63: 2115768 | U63: 4725768 | V63: 4725768 | W63: =+J63-Q63 -> 0 | X63: =+K63-R63 -> 0 | Y63: =+L63-S63 -> 0 | Z63: =+M63-T63 -> 0 | AA63: =+N63-U63 -> 0 | AB63: =+O63-V63 -> 0
D64: HPP | E64: QV(IM HPP) | I64: 122 | J64: 2170000 | K64: 2170000 | L64: 1297104 | M64: 1297104 | N64: =J64+L64 -> 3467104 | O64: =K64+M64 -> 3467104 | Q64: 2170000 | R64: 2170000 | S64: 1297104 | T64: 1297104 | U64: 3467104 | V64: 3467104 | W64: =+J64-Q64 -> 0 | X64: =+K64-R64 -> 0 | Y64: =+L64-S64 -> 0 | Z64: =+M64-T64 -> 0 | AA64: =+N64-U64 -> 0 | AB64: =+O64-V64 -> 0
D65: QV(IM HPP) | E65: TS | H65: HPP | I65: 153 | J65: 2440000 | K65: 2440000 | L65: 1626696 | M65: 1626696 | N65: =J65+L65 -> 4066696 | O65: =K65+M65 -> 4066696 | Q65: 2440000 | R65: 2440000 | S65: 1626696 | T65: 1626696 | U65: 4066696 | V65: 4066696 | W65: =+J65-Q65 -> 0 | X65: =+K65-R65 -> 0 | Y65: =+L65-S65 -> 0 | Z65: =+M65-T65 -> 0 | AA65: =+N65-U65 -> 0 | AB65: =+O65-V65 -> 0
D66: HPP | E66: QV(IM HPP) | I66: 122 | J66: 2170000 | K66: 2170000 | L66: 1297104 | M66: 1297104 | N66: =J66+L66 -> 3467104 | O66: =K66+M66 -> 3467104 | Q66: 2170000 | R66: 2170000 | S66: 1297104 | T66: 1297104 | U66: 3467104 | V66: 3467104 | W66: =+J66-Q66 -> 0 | X66: =+K66-R66 -> 0 | Y66: =+L66-S66 -> 0 | Z66: =+M66-T66 -> 0 | AA66: =+N66-U66 -> 0 | AB66: =+O66-V66 -> 0
D67: QV(IM HPP) | E67: QV | H67: HPP | I67: 122 | J67: 2170000 | K67: 2170000 | L67: 1297104 | M67: 1297104 | N67: =J67+L67 -> 3467104 | O67: =K67+M67 -> 3467104 | Q67: 2170000 | R67: 2170000 | S67: 1297104 | T67: 1297104 | U67: 3467104 | V67: 3467104 | W67: =+J67-Q67 -> 0 | X67: =+K67-R67 -> 0 | Y67: =+L67-S67 -> 0 | Z67: =+M67-T67 -> 0 | AA67: =+N67-U67 -> 0 | AB67: =+O67-V67 -> 0
C68: Internal CRU transportation | D68: ICDQV | E68: TL(IM ICDQV) | I68: 85 | J68: 1600000 | K68: 1600000 | L68: 903720 | M68: 903720 | N68: =J68+L68 -> 2503720 | O68: =K68+M68 -> 2503720 | Q68: 1600000 | R68: 1600000 | S68: 903720 | T68: 903720 | U68: 2503720 | V68: 2503720 | W68: =+J68-Q68 -> 0 | X68: =+K68-R68 -> 0 | Y68: =+L68-S68 -> 0 | Z68: =+M68-T68 -> 0 | AA68: =+N68-U68 -> 0 | AB68: =+O68-V68 -> 0
D69: TL(IM ICDQV) | E69: TL | H69: HPP | I69: 202 | J69: 3000000 | K69: 3000000 | L69: 2147664 | M69: 2147664 | N69: =J69+L69 -> 5147664 | O69: =K69+M69 -> 5147664 | Q69: 3000000 | R69: 3000000 | S69: 2147664 | T69: 2147664 | U69: 5147664 | V69: 5147664 | W69: =+J69-Q69 -> 0 | X69: =+K69-R69 -> 0 | Y69: =+L69-S69 -> 0 | Z69: =+M69-T69 -> 0 | AA69: =+N69-U69 -> 0 | AB69: =+O69-V69 -> 0
D70: ICDQV | E70: TL(IM ICDQV) | I70: 85 | J70: 1600000 | K70: 1600000 | L70: 903720 | M70: 903720 | N70: =J70+L70 -> 2503720 | O70: =K70+M70 -> 2503720 | Q70: 1600000 | R70: 1600000 | S70: 903720 | T70: 903720 | U70: 2503720 | V70: 2503720 | W70: =+J70-Q70 -> 0 | X70: =+K70-R70 -> 0 | Y70: =+L70-S70 -> 0 | Z70: =+M70-T70 -> 0 | AA70: =+N70-U70 -> 0 | AB70: =+O70-V70 -> 0
D71: TL(IM ICDQV) | E71: TS | H71: HPP | I71: 227 | J71: 3240000 | K71: 3240000 | L71: 2413464 | M71: 2413464 | N71: =J71+L71 -> 5653464 | O71: =K71+M71 -> 5653464 | Q71: 3240000 | R71: 3240000 | S71: 2413464 | T71: 2413464 | U71: 5653464 | V71: 5653464 | W71: =+J71-Q71 -> 0 | X71: =+K71-R71 -> 0 | Y71: =+L71-S71 -> 0 | Z71: =+M71-T71 -> 0 | AA71: =+N71-U71 -> 0 | AB71: =+O71-V71 -> 0
D72: ICDQV | E72: TL(IM ICDQV) | I72: 85 | J72: 1600000 | K72: 1600000 | L72: 903720 | M72: 903720 | N72: =J72+L72 -> 2503720 | O72: =K72+M72 -> 2503720 | Q72: 1600000 | R72: 1600000 | S72: 903720 | T72: 903720 | U72: 2503720 | V72: 2503720 | W72: =+J72-Q72 -> 0 | X72: =+K72-R72 -> 0 | Y72: =+L72-S72 -> 0 | Z72: =+M72-T72 -> 0 | AA72: =+N72-U72 -> 0 | AB72: =+O72-V72 -> 0
D73: TL(IM ICDQV) | E73: QV | H73: HPP | I73: 236 | J73: 3270000 | K73: 3270000 | L73: 2509152 | M73: 2509152 | N73: =J73+L73 -> 5779152 | O73: =K73+M73 -> 5779152 | Q73: 3270000 | R73: 3270000 | S73: 2509152 | T73: 2509152 | U73: 5779152 | V73: 5779152 | W73: =+J73-Q73 -> 0 | X73: =+K73-R73 -> 0 | Y73: =+L73-S73 -> 0 | Z73: =+M73-T73 -> 0 | AA73: =+N73-U73 -> 0 | AB73: =+O73-V73 -> 0
D74: ICDQV | E74: TS(IM ICDQV) | I74: 35 | J74: 1100000 | K74: 1100000 | L74: 372120 | M74: 372120 | N74: =J74+L74 -> 1472120 | O74: =K74+M74 -> 1472120 | Q74: 1100000 | R74: 1100000 | S74: 372120 | T74: 372120 | U74: 1472120 | V74: 1472120 | W74: =+J74-Q74 -> 0 | X74: =+K74-R74 -> 0 | Y74: =+L74-S74 -> 0 | Z74: =+M74-T74 -> 0 | AA74: =+N74-U74 -> 0 | AB74: =+O74-V74 -> 0
D75: TS(IM ICDQV) | E75: TL | H75: HPP | I75: 277 | J75: 3600000 | K75: 3600000 | L75: 2945064 | M75: 2945064 | N75: =J75+L75 -> 6545064 | O75: =K75+M75 -> 6545064 | Q75: 3600000 | R75: 3600000 | S75: 2945064 | T75: 2945064 | U75: 6545064 | V75: 6545064 | W75: =+J75-Q75 -> 0 | X75: =+K75-R75 -> 0 | Y75: =+L75-S75 -> 0 | Z75: =+M75-T75 -> 0 | AA75: =+N75-U75 -> 0 | AB75: =+O75-V75 -> 0
D76: ICDQV | E76: TS(IM ICDQV) | I76: 35 | J76: 1100000 | K76: 1100000 | L76: 372120 | M76: 372120 | N76: =J76+L76 -> 1472120 | O76: =K76+M76 -> 1472120 | Q76: 1100000 | R76: 1100000 | S76: 372120 | T76: 372120 | U76: 1472120 | V76: 1472120 | W76: =+J76-Q76 -> 0 | X76: =+K76-R76 -> 0 | Y76: =+L76-S76 -> 0 | Z76: =+M76-T76 -> 0 | AA76: =+N76-U76 -> 0 | AB76: =+O76-V76 -> 0
D77: TS(IM ICDQV) | E77: TS | H77: HPP | I77: 231 | J77: 3300000 | K77: 3300000 | L77: 2455992 | M77: 2455992 | N77: =J77+L77 -> 5755992 | O77: =K77+M77 -> 5755992 | Q77: 3300000 | R77: 3300000 | S77: 2455992 | T77: 2455992 | U77: 5755992 | V77: 5755992 | W77: =+J77-Q77 -> 0 | X77: =+K77-R77 -> 0 | Y77: =+L77-S77 -> 0 | Z77: =+M77-T77 -> 0 | AA77: =+N77-U77 -> 0 | AB77: =+O77-V77 -> 0
D78: ICDQV | E78: TS(IM ICDQV) | I78: 35 | J78: 1100000 | K78: 1100000 | L78: 372120 | M78: 372120 | N78: =J78+L78 -> 1472120 | O78: =K78+M78 -> 1472120 | Q78: 1100000 | R78: 1100000 | S78: 372120 | T78: 372120 | U78: 1472120 | V78: 1472120 | W78: =+J78-Q78 -> 0 | X78: =+K78-R78 -> 0 | Y78: =+L78-S78 -> 0 | Z78: =+M78-T78 -> 0 | AA78: =+N78-U78 -> 0 | AB78: =+O78-V78 -> 0
D79: TS(IM ICDQV) | E79: QV | H79: HPP | I79: 245 | J79: 3300000 | K79: 3300000 | L79: 2604840 | M79: 2604840 | N79: =J79+L79 -> 5904840 | O79: =K79+M79 -> 5904840 | Q79: 3300000 | R79: 3300000 | S79: 2604840 | T79: 2604840 | U79: 5904840 | V79: 5904840 | W79: =+J79-Q79 -> 0 | X79: =+K79-R79 -> 0 | Y79: =+L79-S79 -> 0 | Z79: =+M79-T79 -> 0 | AA79: =+N79-U79 -> 0 | AB79: =+O79-V79 -> 0
D80: ICDQV | E80: QV(IM ICDQV) | I80: 25 | J80: 1000000 | K80: 1000000 | L80: 265800 | M80: 265800 | N80: =J80+L80 -> 1265800 | O80: =K80+M80 -> 1265800 | Q80: 1000000 | R80: 1000000 | S80: 265800 | T80: 265800 | U80: 1265800 | V80: 1265800 | W80: =+J80-Q80 -> 0 | X80: =+K80-R80 -> 0 | Y80: =+L80-S80 -> 0 | Z80: =+M80-T80 -> 0 | AA80: =+N80-U80 -> 0 | AB80: =+O80-V80 -> 0
D81: QV(IM ICDQV) | E81: TL | H81: HPP | I81: 296 | J81: 3600000 | K81: 3600000 | L81: 3147072 | M81: 3147072 | N81: =J81+L81 -> 6747072 | O81: =K81+M81 -> 6747072 | Q81: 3600000 | R81: 3600000 | S81: 3147072 | T81: 3147072 | U81: 6747072 | V81: 6747072 | W81: =+J81-Q81 -> 0 | X81: =+K81-R81 -> 0 | Y81: =+L81-S81 -> 0 | Z81: =+M81-T81 -> 0 | AA81: =+N81-U81 -> 0 | AB81: =+O81-V81 -> 0
D82: ICDQV | E82: QV(IM ICDQV) | I82: 25 | J82: 1000000 | K82: 1000000 | L82: 265800 | M82: 265800 | N82: =J82+L82 -> 1265800 | O82: =K82+M82 -> 1265800 | Q82: 1000000 | R82: 1000000 | S82: 265800 | T82: 265800 | U82: 1265800 | V82: 1265800 | W82: =+J82-Q82 -> 0 | X82: =+K82-R82 -> 0 | Y82: =+L82-S82 -> 0 | Z82: =+M82-T82 -> 0 | AA82: =+N82-U82 -> 0 | AB82: =+O82-V82 -> 0
D83: QV(IM ICDQV) | E83: TS | H83: HPP | I83: 250 | J83: 3300000 | K83: 3300000 | L83: 2658000 | M83: 2658000 | N83: =J83+L83 -> 5958000 | O83: =K83+M83 -> 5958000 | Q83: 3300000 | R83: 3300000 | S83: 2658000 | T83: 2658000 | U83: 5958000 | V83: 5958000 | W83: =+J83-Q83 -> 0 | X83: =+K83-R83 -> 0 | Y83: =+L83-S83 -> 0 | Z83: =+M83-T83 -> 0 | AA83: =+N83-U83 -> 0 | AB83: =+O83-V83 -> 0
D84: ICDQV | E84: QV(IM ICDQV) | I84: 25 | J84: 1000000 | K84: 1000000 | L84: 265800 | M84: 265800 | N84: =J84+L84 -> 1265800 | O84: =K84+M84 -> 1265800 | Q84: 1000000 | R84: 1000000 | S84: 265800 | T84: 265800 | U84: 1265800 | V84: 1265800 | W84: =+J84-Q84 -> 0 | X84: =+K84-R84 -> 0 | Y84: =+L84-S84 -> 0 | Z84: =+M84-T84 -> 0 | AA84: =+N84-U84 -> 0 | AB84: =+O84-V84 -> 0
D85: QV(IM ICDQV) | E85: QV | H85: HPP | I85: 219 | J85: 3000000 | K85: 3000000 | L85: 2328408 | M85: 2328408 | N85: =J85+L85 -> 5328408 | O85: =K85+M85 -> 5328408 | Q85: 3000000 | R85: 3000000 | S85: 2328408 | T85: 2328408 | U85: 5328408 | V85: 5328408 | W85: =+J85-Q85 -> 0 | X85: =+K85-R85 -> 0 | Y85: =+L85-S85 -> 0 | Z85: =+M85-T85 -> 0 | AA85: =+N85-U85 -> 0 | AB85: =+O85-V85 -> 0
C86: Internal CRU transportation | D86: ICDTP | E86: TL(IM ICDTP) | I86: 65 | J86: 1580000 | K86: 1580000 | L86: 691080 | M86: 691080 | N86: =J86+L86 -> 2271080 | O86: =K86+M86 -> 2271080 | Q86: 1580000 | R86: 1580000 | S86: 691080 | T86: 691080 | U86: 2271080 | V86: 2271080 | W86: =+J86-Q86 -> 0 | X86: =+K86-R86 -> 0 | Y86: =+L86-S86 -> 0 | Z86: =+M86-T86 -> 0 | AA86: =+N86-U86 -> 0 | AB86: =+O86-V86 -> 0
D87: TL(IM ICDTP) | E87: TL | H87: HPP | I87: 223 | J87: 3010000 | K87: 3010000 | L87: 2370936 | M87: 2370936 | N87: =J87+L87 -> 5380936 | O87: =K87+M87 -> 5380936 | Q87: 3010000 | R87: 3010000 | S87: 2370936 | T87: 2370936 | U87: 5380936 | V87: 5380936 | W87: =+J87-Q87 -> 0 | X87: =+K87-R87 -> 0 | Y87: =+L87-S87 -> 0 | Z87: =+M87-T87 -> 0 | AA87: =+N87-U87 -> 0 | AB87: =+O87-V87 -> 0
D88: ICDTP | E88: TL(IM ICDTP) | I88: 65 | J88: 1580000 | K88: 1580000 | L88: 691080 | M88: 691080 | N88: =J88+L88 -> 2271080 | O88: =K88+M88 -> 2271080 | Q88: 1580000 | R88: 1580000 | S88: 691080 | T88: 691080 | U88: 2271080 | V88: 2271080 | W88: =+J88-Q88 -> 0 | X88: =+K88-R88 -> 0 | Y88: =+L88-S88 -> 0 | Z88: =+M88-T88 -> 0 | AA88: =+N88-U88 -> 0 | AB88: =+O88-V88 -> 0
D89: TL(IM ICDTP) | E89: TS | H89: HPP | I89: 247 | J89: 3260000 | K89: 3260000 | L89: 2626104 | M89: 2626104 | N89: =J89+L89 -> 5886104 | O89: =K89+M89 -> 5886104 | Q89: 3260000 | R89: 3260000 | S89: 2626104 | T89: 2626104 | U89: 5886104 | V89: 5886104 | W89: =+J89-Q89 -> 0 | X89: =+K89-R89 -> 0 | Y89: =+L89-S89 -> 0 | Z89: =+M89-T89 -> 0 | AA89: =+N89-U89 -> 0 | AB89: =+O89-V89 -> 0
D90: ICDTP | E90: TL(IM ICDTP) | I90: 65 | J90: 1580000 | K90: 1580000 | L90: 691080 | M90: 691080 | N90: =J90+L90 -> 2271080 | O90: =K90+M90 -> 2271080 | Q90: 1580000 | R90: 1580000 | S90: 691080 | T90: 691080 | U90: 2271080 | V90: 2271080 | W90: =+J90-Q90 -> 0 | X90: =+K90-R90 -> 0 | Y90: =+L90-S90 -> 0 | Z90: =+M90-T90 -> 0 | AA90: =+N90-U90 -> 0 | AB90: =+O90-V90 -> 0
D91: TL(IM ICDTP) | E91: QV | H91: HPP | I91: 256 | J91: 3290000 | K91: 3290000 | L91: 2721792 | M91: 2721792 | N91: =J91+L91 -> 6011792 | O91: =K91+M91 -> 6011792 | Q91: 3290000 | R91: 3290000 | S91: 2721792 | T91: 2721792 | U91: 6011792 | V91: 6011792 | W91: =+J91-Q91 -> 0 | X91: =+K91-R91 -> 0 | Y91: =+L91-S91 -> 0 | Z91: =+M91-T91 -> 0 | AA91: =+N91-U91 -> 0 | AB91: =+O91-V91 -> 0
D92: ICDTP | E92: TS(IM ICDTP) | I92: 25 | J92: 1320000 | K92: 1320000 | L92: 265800 | M92: 265800 | N92: =J92+L92 -> 1585800 | O92: =K92+M92 -> 1585800 | Q92: 1320000 | R92: 1320000 | S92: 265800 | T92: 265800 | U92: 1585800 | V92: 1585800 | W92: =+J92-Q92 -> 0 | X92: =+K92-R92 -> 0 | Y92: =+L92-S92 -> 0 | Z92: =+M92-T92 -> 0 | AA92: =+N92-U92 -> 0 | AB92: =+O92-V92 -> 0
D93: TS(IM ICDTP) | E93: TL | H93: HPP | I93: 287 | J93: 3420000 | K93: 3420000 | L93: 3051384 | M93: 3051384 | N93: =J93+L93 -> 6471384 | O93: =K93+M93 -> 6471384 | Q93: 3420000 | R93: 3420000 | S93: 3051384 | T93: 3051384 | U93: 6471384 | V93: 6471384 | W93: =+J93-Q93 -> 0 | X93: =+K93-R93 -> 0 | Y93: =+L93-S93 -> 0 | Z93: =+M93-T93 -> 0 | AA93: =+N93-U93 -> 0 | AB93: =+O93-V93 -> 0
D94: ICDTP | E94: TS(IM ICDTP) | I94: 25 | J94: 1320000 | K94: 1320000 | L94: 265800 | M94: 265800 | N94: =J94+L94 -> 1585800 | O94: =K94+M94 -> 1585800 | Q94: 1320000 | R94: 1320000 | S94: 265800 | T94: 265800 | U94: 1585800 | V94: 1585800 | W94: =+J94-Q94 -> 0 | X94: =+K94-R94 -> 0 | Y94: =+L94-S94 -> 0 | Z94: =+M94-T94 -> 0 | AA94: =+N94-U94 -> 0 | AB94: =+O94-V94 -> 0
D95: TS(IM ICDTP) | E95: TS | H95: HPP | I95: 241 | J95: 3100000 | K95: 3100000 | L95: 2562312 | M95: 2562312 | N95: =J95+L95 -> 5662312 | O95: =K95+M95 -> 5662312 | Q95: 3100000 | R95: 3100000 | S95: 2562312 | T95: 2562312 | U95: 5662312 | V95: 5662312 | W95: =+J95-Q95 -> 0 | X95: =+K95-R95 -> 0 | Y95: =+L95-S95 -> 0 | Z95: =+M95-T95 -> 0 | AA95: =+N95-U95 -> 0 | AB95: =+O95-V95 -> 0
D96: ICDTP | E96: TS(IM ICDTP) | I96: 25 | J96: 1320000 | K96: 1320000 | L96: 265800 | M96: 265800 | N96: =J96+L96 -> 1585800 | O96: =K96+M96 -> 1585800 | Q96: 1320000 | R96: 1320000 | S96: 265800 | T96: 265800 | U96: 1585800 | V96: 1585800 | W96: =+J96-Q96 -> 0 | X96: =+K96-R96 -> 0 | Y96: =+L96-S96 -> 0 | Z96: =+M96-T96 -> 0 | AA96: =+N96-U96 -> 0 | AB96: =+O96-V96 -> 0
D97: TS(IM ICDTP) | E97: QV | H97: HPP | I97: 250 | J97: 3360000 | K97: 3360000 | L97: 2658000 | M97: 2658000 | N97: =J97+L97 -> 6018000 | O97: =K97+M97 -> 6018000 | Q97: 3360000 | R97: 3360000 | S97: 2658000 | T97: 2658000 | U97: 6018000 | V97: 6018000 | W97: =+J97-Q97 -> 0 | X97: =+K97-R97 -> 0 | Y97: =+L97-S97 -> 0 | Z97: =+M97-T97 -> 0 | AA97: =+N97-U97 -> 0 | AB97: =+O97-V97 -> 0
D98: ICDTP | E98: QV(IM ICDTP) | I98: 30 | J98: 1460000 | K98: 1460000 | L98: 318960 | M98: 318960 | N98: =J98+L98 -> 1778960 | O98: =K98+M98 -> 1778960 | Q98: 1460000 | R98: 1460000 | S98: 318960 | T98: 318960 | U98: 1778960 | V98: 1778960 | W98: =+J98-Q98 -> 0 | X98: =+K98-R98 -> 0 | Y98: =+L98-S98 -> 0 | Z98: =+M98-T98 -> 0 | AA98: =+N98-U98 -> 0 | AB98: =+O98-V98 -> 0
D99: QV(IM ICDTP) | E99: TL | H99: HPP | I99: 258 | J99: 3670000 | K99: 3670000 | L99: 2743056 | M99: 2743056 | N99: =J99+L99 -> 6413056 | O99: =K99+M99 -> 6413056 | Q99: 3670000 | R99: 3670000 | S99: 2743056 | T99: 2743056 | U99: 6413056 | V99: 6413056 | W99: =+J99-Q99 -> 0 | X99: =+K99-R99 -> 0 | Y99: =+L99-S99 -> 0 | Z99: =+M99-T99 -> 0 | AA99: =+N99-U99 -> 0 | AB99: =+O99-V99 -> 0
D100: ICDTP | E100: QV(IM ICDTP) | I100: 30 | J100: 1460000 | K100: 1460000 | L100: 318960 | M100: 318960 | N100: =J100+L100 -> 1778960 | O100: =K100+M100 -> 1778960 | Q100: 1460000 | R100: 1460000 | S100: 318960 | T100: 318960 | U100: 1778960 | V100: 1778960 | W100: =+J100-Q100 -> 0 | X100: =+K100-R100 -> 0 | Y100: =+L100-S100 -> 0 | Z100: =+M100-T100 -> 0 | AA100: =+N100-U100 -> 0 | AB100: =+O100-V100 -> 0
D101: QV(IM ICDTP) | E101: TS | H101: HPP | I101: 245 | J101: 3160000 | K101: 3160000 | L101: 2604840 | M101: 2604840 | N101: =J101+L101 -> 5764840 | O101: =K101+M101 -> 5764840 | Q101: 3160000 | R101: 3160000 | S101: 2604840 | T101: 2604840 | U101: 5764840 | V101: 5764840 | W101: =+J101-Q101 -> 0 | X101: =+K101-R101 -> 0 | Y101: =+L101-S101 -> 0 | Z101: =+M101-T101 -> 0 | AA101: =+N101-U101 -> 0 | AB101: =+O101-V101 -> 0
D102: ICDTP | E102: QV(IM ICDTP) | I102: 30 | J102: 1460000 | K102: 1460000 | L102: 318960 | M102: 318960 | N102: =J102+L102 -> 1778960 | O102: =K102+M102 -> 1778960 | Q102: 1460000 | R102: 1460000 | S102: 318960 | T102: 318960 | U102: 1778960 | V102: 1778960 | W102: =+J102-Q102 -> 0 | X102: =+K102-R102 -> 0 | Y102: =+L102-S102 -> 0 | Z102: =+M102-T102 -> 0 | AA102: =+N102-U102 -> 0 | AB102: =+O102-V102 -> 0
D103: QV(IM ICDTP) | E103: QV | H103: HPP | I103: 214 | J103: 2890000 | K103: 2890000 | L103: 2275248 | M103: 2275248 | N103: =J103+L103 -> 5165248 | O103: =K103+M103 -> 5165248 | Q103: 2890000 | R103: 2890000 | S103: 2275248 | T103: 2275248 | U103: 5165248 | V103: 5165248 | W103: =+J103-Q103 -> 0 | X103: =+K103-R103 -> 0 | Y103: =+L103-S103 -> 0 | Z103: =+M103-T103 -> 0 | AA103: =+N103-U103 -> 0 | AB103: =+O103-V103 -> 0
C104: External CRU transportation | D104: HN | E104: TL | H104: HPP | I104: 195 | J104: 2750000 | K104: 2750000 | L104: 2073240 | M104: 2073240 | N104: =J104+L104 -> 4823240 | O104: =K104+M104 -> 4823240 | Q104: 2750000 | R104: 2750000 | S104: 2073240 | T104: 2073240 | U104: 4823240 | V104: 4823240 | W104: =+J104-Q104 -> 0 | X104: =+K104-R104 -> 0 | Y104: =+L104-S104 -> 0 | Z104: =+M104-T104 -> 0 | AA104: =+N104-U104 -> 0 | AB104: =+O104-V104 -> 0
...
