Workbook

Sheet COVER DN XUẤT
A1: CỘNG HÒA XÃ HỘI CHỦ NGHĨA VIỆT NAM
A2: Độc lập - Tự do - Hạnh Phúc
A4: DEBIT NOTE
A6: Căn cứ vào tình hình thực tế thực hiện,
A7: Chúng tôi gồm:
A8: BÊN MUA: CÔNG TY TNHH CANON VIỆT NAM - CHI NHÁNH TIÊN SƠN
A9: Địa chỉ: Số 12, đường TS10, Khu công nghiệp Tiên Sơn, Xã Đại Đồng, Tỉnh Bắc Ninh, Việt Nam
A10: MST: 0101125340002
A11: Đại diện: | D11: Chức vụ:
A13: BÊN BÁN: CÔNG TY CỔ PHẦN MBF
A14: Địa chỉ: Số 58 Xóm Giếng, Thôn Cổ Điển A, Xã Thanh Trì, Thành phố Hà Nội, Việt Nam
A15: MST: 0105040296
A16: Đại diện: | D16: Chức vụ:
A17: Cùng đối chiếu như sau:
C18: Debit No.: | D18: MBF-CTS11022026-1
C19: Date | D19: 23/02/2026
A22: DESCRIPTION | E22: AMOUNT (VND) | F22: REMARK
A23: 1 | B23: Trucking charge(VND) | E23: ='XUẤT-HPH'!J68 -> 167079801
A24: 2 | B24: Detention fee ( VND) | E24: ='XUẤT-HPH'!K68 -> 0
A25: 2 | B25: Custom fee (VND) | E25: ='XUẤT-HPH'!N68 -> 4600000
A26: 3 | B26: Submit CD and no EIR ( VND) | E26: ='XUẤT-HPH'!L68 -> 0
A27: 4 | B27: Round use container fee ( VND) | E27: ='XUẤT-HPH'!M68 -> 0
A36: SUB TOTAL | E36: =E23+E25+E26+E27+E24+E28 -> 171679801
A37: VAT 0%
A38: TOTAL DEBIT | E38: =SUM(E36:E37) -> 171679801
D41: Ngày 23 tháng 02 năm 2026
D43: ĐẠI DIỆN BÊN BÁN

Sheet XUẤT-HPH
A1: CỘNG HÒA XÃ HỘI CHỦ NGHĨA VIỆT NAM
A2: Độc lập - Tự do - Hạnh Phúc
A4: STATEMENT ACCOUNT FOR EXPORT CUSTOM CLEARANCE AND TRANSPORTATION FEE
A6: Căn cứ vào tình hình thực tế thực hiện,
A7: Chúng tôi gồm:
A8: BÊN MUA: CÔNG TY TNHH CANON VIỆT NAM - CHI NHÁNH TIÊN SƠN
A9: Địa chỉ: Số 12, đường TS10, Khu công nghiệp Tiên Sơn, Xã Đại Đồng, Tỉnh Bắc Ninh, Việt Nam
A10: MST: 0101125340002
A11: Đại diện: | D11: Chức vụ:
A13: BÊN BÁN: CÔNG TY CỔ PHẦN MBF
A14: Địa chỉ: Số 58 Xóm Giếng, Thôn Cổ Điển A, Xã Thanh Trì, Thành phố Hà Nội, Việt Nam
A15: MST: 0105040296
A16: Đại diện: | D16: Chức vụ:
A17: Cùng đối chiếu như sau:
N18: Debit No.: | O18: ='COVER DN XUẤT'!D18 -> MBF-CTS11022026-1
N19: Date | O19: ='COVER DN XUẤT'!D19 -> 23/02/2026 | Y19: , | Z19: Cước vận chuyển | AA19: , số cont | AB19: , Biển kiểm soát :
A21: STT | B21: Tuyến vận chuyển | C21: Ngày vận chuyển | D21: BL/ BKG | E21: Tờ khai | F21: Loại Conts | G21: CVN Invoice no | H21: Số Conts | I21: Biển kiểm soát/ Số hiệu sà lan | J21: Cước vận chuyển (chưa VAT) | K21: Lưu ca | L21: Tờ khai không phơi | M21: Phí tái sử dụng container rỗng | N21: Phí thanh lý tờ khai | O21: Tổng tiền | P21: Ghi chú | T21: Pick | U21: Laden
A22: =ROW()-21 -> 1 | B22: =VLOOKUP(P22,'chuyển 26.12'!$O$5:$P$6000,2,0) -> Hải Phòng - Canon Tiên Sơn - Hải Phòng | C22: 46038 | D22: 237500707611 | E22: =VLOOKUP(H22,[1]Sheet1!$I$1:$Q$180000,9,0) -> 308158278210 | F22: 40HC | G22: VS-26/50066 | H22: EMCU8313605 | I22: 29H-81871 | J22: 3588286 | N22: 100000 | O22: =SUM(J22:N22) -> 3688286 | P22: Lấy HPH - TS EX - Hạ HPH Disconnect | R22: Cont40 | T22: GIC | U22: GIC | Z22: =$Z$19&B22&$AA$19&H22 -> Cước vận chuyển Hải Phòng - Canon Tiên Sơn - Hải Phòng , số cont EMCU8313605
A23: =ROW()-21 -> 2 | B23: =VLOOKUP(P23,'chuyển 26.12'!$O$5:$P$6000,2,0) -> Hải Phòng - Canon Tiên Sơn - Hải Phòng | C23: 46038 | D23: HPH26A00675 | E23: =VLOOKUP(H23,[1]Sheet1!$I$1:$Q$180000,9,0) -> 308158323820 | F23: 40HC | G23: VF-26/50009 | H23: NSSU7171637 | I23: 29E-38441 | J23: 3888286 | N23: 100000 | O23: =SUM(J23:N23) -> 3988286 | P23: Lấy HPH - TS EX - Hạ HPH Connect | Q23: BB | R23: Cont40 | T23: GIC | U23: VIP GREEN PORT | Z23: =$Z$19&B23&$AA$19&H23 -> Cước vận chuyển Hải Phòng - Canon Tiên Sơn - Hải Phòng , số cont NSSU7171637
A24: =ROW()-21 -> 3 | B24: =VLOOKUP(P24,'chuyển 26.12'!$O$5:$P$6000,2,0) -> Hải Phòng - Canon Tiên Sơn - Hải Phòng | C24: 46038 | D24: 237500707611 | E24: =VLOOKUP(H24,[1]Sheet1!$I$1:$Q$180000,9,0) -> 308158430550 | F24: 40HC | G24: VS-26/50065 | H24: BMOU6012145 | I24: 29H-81743 | J24: 3588286 | N24: 100000 | O24: =SUM(J24:N24) -> 3688286 | P24: Lấy HPH - TS EX - Hạ HPH Disconnect | R24: Cont40 | T24: GIC | U24: GIC | Z24: =$Z$19&B24&$AA$19&H24 -> Cước vận chuyển Hải Phòng - Canon Tiên Sơn - Hải Phòng , số cont BMOU6012145
A25: =ROW()-21 -> 4 | B25: =VLOOKUP(P25,'chuyển 26.12'!$O$5:$P$6000,2,0) -> Hải Phòng - Canon Tiên Sơn - Hải Phòng | C25: 46038 | D25: 237500707611 | E25: =VLOOKUP(H25,[1]Sheet1!$I$1:$Q$180000,9,0) -> 308158509650 | F25: 40HC | G25: VS-26/50067 | H25: EGSU9553960 | I25: 29E-28914 | J25: 3888286 | N25: 100000 | O25: =SUM(J25:N25) -> 3988286 | P25: Lấy HPH - TS EX - Hạ HPH Connect | Q25: BB | R25: Cont40 | T25: GIC | U25: GIC | Z25: =$Z$19&B25&$AA$19&H25 -> Cước vận chuyển Hải Phòng - Canon Tiên Sơn - Hải Phòng , số cont EGSU9553960
A26: =ROW()-21 -> 5 | B26: =VLOOKUP(P26,'chuyển 26.12'!$O$5:$P$6000,2,0) -> Hưng Yên - Canon Tiên Sơn - Hải Phòng | C26: 46038 | D26: SGN2987352 | E26: =VLOOKUP(H26,[1]Sheet1!$I$1:$Q$180000,9,0) -> 308158360000 | F26: 40HC | G26: VH-26/50087 | H26: TRHU5424799 | I26: 15H-05911 | J26: 2985312 | N26: 100000 | O26: =SUM(J26:N26) -> 3085312 | P26: Lấy Hưng Yên - RU TS EX - Hạ HPH | R26: Cont40 | T26: RU HY | U26: TÂN VŨ | Z26: =$Z$19&B26&$AA$19&H26 -> Cước vận chuyển Hưng Yên - Canon Tiên Sơn - Hải Phòng , số cont TRHU5424799
A27: =ROW()-21 -> 6 | B27: =VLOOKUP(P27,'chuyển 26.12'!$O$5:$P$6000,2,0) -> Hưng Yên - Canon Tiên Sơn - Hải Phòng | C27: 46038 | D27: SGN2991014 | E27: =VLOOKUP(H27,[1]Sheet1!$I$1:$Q$180000,9,0) -> 308158391130 | F27: 40HC | G27: VH-26/50089 | H27: TCNU7535165 | I27: 15H-18666 | J27: 2985312 | N27: 100000 | O27: =SUM(J27:N27) -> 3085312 | P27: Lấy Hưng Yên - RU TS EX - Hạ HPH | R27: Cont40 | T27: RU HY | U27: TÂN VŨ | Z27: =$Z$19&B27&$AA$19&H27 -> Cước vận chuyển Hưng Yên - Canon Tiên Sơn - Hải Phòng , số cont TCNU7535165
A28: =ROW()-21 -> 7 | B28: =VLOOKUP(P28,'chuyển 26.12'!$O$5:$P$6000,2,0) -> Hải Phòng - Canon Tiên Sơn - Hải Phòng | C28: 46041 | D28: BHAIC26000188 | E28: =VLOOKUP(H28,[1]Sheet1!$I$1:$Q$180000,9,0) -> 308163768160 | F28: 40HC | G28: VS-26/50079 | H28: REGU5201120 | I28: 29E-28922 | J28: 3888286 | N28: 100000 | O28: =SUM(J28:N28) -> 3988286 | P28: Lấy HPH - TS EX - Hạ HPH Connect | Q28: BB | R28: Cont40 | T28: NAM HẢI ICD | U28: NAM HẢI ICD | Z28: =$Z$19&B28&$AA$19&H28 -> Cước vận chuyển Hải Phòng - Canon Tiên Sơn - Hải Phòng , số cont REGU5201120
A29: =ROW()-21 -> 8 | B29: =VLOOKUP(P29,'chuyển 26.12'!$O$5:$P$6000,2,0) -> Canon Tiên Sơn - Hải Phòng | C29: 46041 | D29: 6438798511 | E29: =VLOOKUP(H29,[1]Sheet1!$I$1:$Q$180000,9,0) -> 308163870250 | F29: 40HC | G29: VS-26/50074 | H29: TIIU5347234 | I29: 29H-81846 | J29: 2697592 | N29: 100000 | O29: =SUM(J29:N29) -> 2797592 | P29: Lấy HPH - TS IM - RU TS EX - Hạ HPH | R29: Cont40 | T29: RU CTS | U29: TÂN VŨ | Z29: =$Z$19&B29&$AA$19&H29 -> Cước vận chuyển Canon Tiên Sơn - Hải Phòng , số cont TIIU5347234
A30: =ROW()-21 -> 9 | B30: =VLOOKUP(P30,'chuyển 26.12'!$O$5:$P$6000,2,0) -> Hưng Yên - Canon Tiên Sơn - Hải Phòng | C30: 46042 | D30: 6438798511 | E30: =VLOOKUP(H30,[1]Sheet1!$I$1:$Q$180000,9,0) -> 308169652730 | F30: 40HC | G30: VS-26/50089 | H30: CSNU8639981 | I30: 15C-02338 | J30: 2985312 | N30: 100000 | O30: =SUM(J30:N30) -> 3085312 | P30: Lấy Hưng Yên - RU TS EX - Hạ HPH | R30: Cont40 | T30: RU HY | U30: TÂN VŨ | Z30: =$Z$19&B30&$AA$19&H30 -> Cước vận chuyển Hưng Yên - Canon Tiên Sơn - Hải Phòng , số cont CSNU8639981
A31: =ROW()-21 -> 10 | B31: =VLOOKUP(P31,'chuyển 26.12'!$O$5:$P$6000,2,0) -> Hải Phòng - Canon Tiên Sơn - Hải Phòng | C31: 46043 | D31: 237600063367 | E31: 308173905600 | F31: 20DC | G31: VH-26/50108 | H31: EITU3162502 | I31: 29E-38441 | J31: 3588286 | N31: 100000 | O31: =SUM(J31:N31) -> 3688286 | P31: Lấy HPH - TS EX - Hạ HPH Disconnect | R31: Cont20 | T31: CHÂN THẬT | U31: GIC | Z31: =$Z$19&B31&$AA$19&H31 -> Cước vận chuyển Hải Phòng - Canon Tiên Sơn - Hải Phòng , số cont EITU3162502
A32: =ROW()-21 -> 11 | B32: =VLOOKUP(P32,'chuyển 26.12'!$O$5:$P$6000,2,0) -> Hải Phòng - Canon Tiên Sơn - Hải Phòng | C32: 46045 | D32: 237500733123 | E32: =VLOOKUP(H32,[1]Sheet1!$I$1:$Q$180000,9,0) -> 308182232540 | F32: 40HC | G32: VH-26/50120 | H32: EGSU6484249 | I32: 29E-38562 | J32: 3588286 | N32: 100000 | O32: =SUM(J32:N32) -> 3688286 | P32: Lấy HPH - TS EX - Hạ HPH Disconnect | R32: Cont40 | T32: GIC | U32: GIC | Z32: =$Z$19&B32&$AA$19&H32 -> Cước vận chuyển Hải Phòng - Canon Tiên Sơn - Hải Phòng , số cont EGSU6484249
A33: =ROW()-21 -> 12 | B33: =VLOOKUP(P33,'chuyển 26.12'!$O$5:$P$6000,2,0) -> Hải Phòng - Canon Tiên Sơn - Hải Phòng | C33: 46045 | D33: 237500736122 | E33: =VLOOKUP(H33,[1]Sheet1!$I$1:$Q$180000,9,0) -> 308181125140 | F33: 40HC | G33: VS-26/50113 | H33: TGBU6583045 | I33: 29H-81743 | J33: 3888286 | N33: 100000 | O33: =SUM(J33:N33) -> 3988286 | P33: Lấy HPH - TS EX - Hạ HPH Connect | Q33: BB | R33: Cont40 | T33: GFORTUNE | U33: GIC | Z33: =$Z$19&B33&$AA$19&H33 -> Cước vận chuyển Hải Phòng - Canon Tiên Sơn - Hải Phòng , số cont TGBU6583045
A34: =ROW()-21 -> 13 | B34: =VLOOKUP(P34,'chuyển 26.12'!$O$5:$P$6000,2,0) -> Hải Phòng - Canon Tiên Sơn - Hải Phòng | C34: 46045 | D34: 237500737447 | E34: =VLOOKUP(H34,[1]Sheet1!$I$1:$Q$180000,9,0) -> 308182479050 | F34: 40HC | G34: VS-26/50107 | H34: EGHU9330270 | I34: 29E-38441 | J34: 3588286 | N34: 100000 | O34: =SUM(J34:N34) -> 3688286 | P34: Lấy HPH - TS EX - Hạ HPH Disconnect | R34: Cont40 | T34: GFORTUNE | U34: GIC | Z34: =$Z$19&B34&$AA$19&H34 -> Cước vận chuyển Hải Phòng - Canon Tiên Sơn - Hải Phòng , số cont EGHU9330270
A35: =ROW()-21 -> 14 | B35: =VLOOKUP(P35,'chuyển 26.12'!$O$5:$P$6000,2,0) -> Hải Phòng - Canon Tiên Sơn - Hải Phòng | C35: 46046 | D35: 237500737447 | E35: =VLOOKUP(H35,[1]Sheet1!$I$1:$Q$180000,9,0) -> 308184601230 | F35: 40HC | G35: VS-26/50115 | H35: TIIU5457859 | I35: 29E-28922 | J35: 3588286 | N35: 100000 | O35: =SUM(J35:N35) -> 3688286 | P35: Lấy HPH - TS EX - Hạ HPH Disconnect | R35: Cont40 | T35: GFORTUNE | U35: GIC | Z35: =$Z$19&B35&$AA$19&H35 -> Cước vận chuyển Hải Phòng - Canon Tiên Sơn - Hải Phòng , số cont TIIU5457859
A36: =ROW()-21 -> 15 | B36: =VLOOKUP(P36,'chuyển 26.12'!$O$5:$P$6000,2,0) -> Hải Phòng - Canon Tiên Sơn - Hải Phòng | C36: 46046 | D36: 237500736122 | E36: =VLOOKUP(H36,[1]Sheet1!$I$1:$Q$180000,9,0) -> 308184642050 | F36: 40HC | G36: VS-26/50112 | H36: FFAU1594240 | I36: 29E-28914 | J36: 3588286 | N36: 100000 | O36: =SUM(J36:N36) -> 3688286 | P36: Lấy HPH - TS EX - Hạ HPH Disconnect | R36: Cont40 | T36: GFORTUNE | U36: GIC | Z36: =$Z$19&B36&$AA$19&H36 -> Cước vận chuyển Hải Phòng - Canon Tiên Sơn - Hải Phòng , số cont FFAU1594240
A37: =ROW()-21 -> 16 | B37: =VLOOKUP(P37,'chuyển 26.12'!$O$5:$P$6000,2,0) -> Hải Phòng - Canon Tiên Sơn - Hải Phòng | C37: 46046 | D37: 237500733123 | E37: =VLOOKUP(H37,[1]Sheet1!$I$1:$Q$180000,9,0) -> 308184728520 | F37: 40HC | G37: VH-26/50128 | H37: EGSU6484172 | I37: 29H-81871 | J37: 3888286 | N37: 100000 | O37: =SUM(J37:N37) -> 3988286 | P37: Lấy HPH - TS EX - Hạ HPH Connect | Q37: BB | R37: Cont40 | T37: GIC | U37: GIC | Z37: =$Z$19&B37&$AA$19&H37 -> Cước vận chuyển Hải Phòng - Canon Tiên Sơn - Hải Phòng , số cont EGSU6484172
A38: =ROW()-21 -> 17 | B38: =VLOOKUP(P38,'chuyển 26.12'!$O$5:$P$6000,2,0) -> Hải Phòng - Canon Tiên Sơn - Hải Phòng | C38: 46046 | D38: 237500733123 | E38: =VLOOKUP(H38,[1]Sheet1!$I$1:$Q$180000,9,0) -> 308184527510 | F38: 40HC | G38: VH-26/50129 | H38: EGSU6489718 | I38: 29H-81921 | J38: 3888286 | N38: 100000 | O38: =SUM(J38:N38) -> 3988286 | P38: Lấy HPH - TS EX - Hạ HPH Connect | Q38: BB | R38: Cont40 | T38: GIC | U38: GIC | Z38: =$Z$19&B38&$AA$19&H38 -> Cước vận chuyển Hải Phòng - Canon Tiên Sơn - Hải Phòng , số cont EGSU6489718
A39: =ROW()-21 -> 18 | B39: =VLOOKUP(P39,'chuyển 26.12'!$O$5:$P$6000,2,0) -> Hải Phòng - Canon Tiên Sơn - Hải Phòng | C39: 46048 | D39: 237500736122 | E39: =VLOOKUP(H39,[1]Sheet1!$I$1:$Q$180000,9,0) -> 308188076360 | F39: 40HC | G39: VH-26/50138 | H39: EGHU9777247 | I39: 29H-88946 | J39: 3588286 | N39: 100000 | O39: =SUM(J39:N39) -> 3688286 | P39: Lấy HPH - TS EX - Hạ HPH Disconnect | R39: Cont40 | T39: GFORTUNE | U39: GIC | Z39: =$Z$19&B39&$AA$19&H39 -> Cước vận chuyển Hải Phòng - Canon Tiên Sơn - Hải Phòng , số cont EGHU9777247
A40: =ROW()-21 -> 19 | B40: =VLOOKUP(P40,'chuyển 26.12'!$O$5:$P$6000,2,0) -> Hải Phòng - Canon Tiên Sơn - Hải Phòng | C40: 46048 | D40: HANA57597700 | E40: =VLOOKUP(H40,[1]Sheet1!$I$1:$Q$180000,9,0) -> 308188091320 | F40: 40HC | G40: VS-26/50105 | H40: HMMU7026820 | I40: 29H-81607 | J40: 3588286 | N40: 100000 | O40: =SUM(J40:N40) -> 3688286 | P40: Lấy HPH - TS EX - Hạ HPH Disconnect | R40: Cont40 | T40: TÂN CẢNG 128 | U40: HÀ HƯNG HẢI | Z40: =$Z$19&B40&$AA$19&H40 -> Cước vận chuyển Hải Phòng - Canon Tiên Sơn - Hải Phòng , số cont HMMU7026820
A41: =ROW()-21 -> 20 | B41: =VLOOKUP(P41,'chuyển 26.12'!$O$5:$P$6000,2,0) -> Hải Phòng - Canon Tiên Sơn - Hải Phòng | C41: 46049 | D41: 237500733123 | E41: =VLOOKUP(H41,[1]Sheet1!$I$1:$Q$180000,9,0) -> 308193111610 | F41: 40HC | G41: VH-26/50144 | H41: GCXU6443400 | I41: 29E-28922 | J41: 3588286 | N41: 100000 | O41: =SUM(J41:N41) -> 3688286 | P41: Lấy HPH - TS EX - Hạ HPH Disconnect | R41: Cont40 | T41: GIC | U41: GIC | Z41: =$Z$19&B41&$AA$19&H41 -> Cước vận chuyển Hải Phòng - Canon Tiên Sơn - Hải Phòng , số cont GCXU6443400
A42: =ROW()-21 -> 21 | B42: =VLOOKUP(P42,'chuyển 26.12'!$O$5:$P$6000,2,0) -> Hải Phòng - Canon Tiên Sơn - Hải Phòng | C42: 46051 | D42: 237600097369 | E42: =VLOOKUP(H42,[1]Sheet1!$I$1:$Q$180000,9,0) -> 308202099500 | F42: 40HC | G42: VH-26/50156 | H42: EGSU1600794 | I42: 29H-81921 | J42: 3888286 | N42: 100000 | O42: =SUM(J42:N42) -> 3988286 | P42: Lấy HPH - TS EX - Hạ HPH Connect | Q42: BB | R42: Cont40 | T42: SAO Á | U42: GIC | Z42: =$Z$19&B42&$AA$19&H42 -> Cước vận chuyển Hải Phòng - Canon Tiên Sơn - Hải Phòng , số cont EGSU1600794
A43: =ROW()-21 -> 22 | B43: =VLOOKUP(P43,'chuyển 26.12'!$O$5:$P$6000,2,0) -> Hải Phòng - Canon Tiên Sơn - Hải Phòng | C43: 46051 | D43: 237600056956 | E43: =VLOOKUP(H43,[1]Sheet1!$I$1:$Q$180000,9,0) -> 308202123520 | F43: 40HC | G43: VS-26/50138 | H43: TLLU7977255 | I43: 29H-81846 | J43: 3888286 | N43: 100000 | O43: =SUM(J43:N43) -> 3988286 | P43: Lấy HPH - TS EX - Hạ HPH Connect | Q43: BB | R43: Cont40 | T43: GFORTUNE | U43: GIC | Z43: =$Z$19&B43&$AA$19&H43 -> Cước vận chuyển Hải Phòng - Canon Tiên Sơn - Hải Phòng , số cont TLLU7977255
A44: =ROW()-21 -> 23 | B44: =VLOOKUP(P44,'chuyển 26.12'!$O$5:$P$6000,2,0) -> Hưng Yên - Canon Tiên Sơn - Hải Phòng | C44: 46051 | D44: SGN3036238 | E44: 308202052820 | F44: 40HC | G44: VH-26/50157 | H44: CMAU7489161 | I44: 15C-16755 | J44: 2985312 | N44: 100000 | O44: =SUM(J44:N44) -> 3085312 | P44: Lấy Hưng Yên - RU TS EX - Hạ HPH | R44: Cont40 | T44: RU HY | U44: TÂN VŨ | Z44: =$Z$19&B44&$AA$19&H44 -> Cước vận chuyển Hưng Yên - Canon Tiên Sơn - Hải Phòng , số cont CMAU7489161
A45: =ROW()-21 -> 24 | B45: =VLOOKUP(P45,'chuyển 26.12'!$O$5:$P$6000,2,0) -> Hải Phòng - Canon Tiên Sơn - Hải Phòng | C45: 46052 | D45: 237500724574 | E45: =VLOOKUP(H45,[1]Sheet1!$I$1:$Q$180000,9,0) -> 308206863110 | F45: 40HC | G45: VH-26/50160 | H45: TGBU7742141 | I45: 29H-81871 | J45: 3991627 | N45: 100000 | O45: =SUM(J45:N45) -> 4091627 | P45: Lấy HPH - TS EX - Hạ HPH Connect | Q45: BB | R45: Cont40 | T45: SAO Á | U45: GIC | Z45: =$Z$19&B45&$AA$19&H45 -> Cước vận chuyển Hải Phòng - Canon Tiên Sơn - Hải Phòng , số cont TGBU7742141
A46: =ROW()-21 -> 25 | B46: =VLOOKUP(P46,'chuyển 26.12'!$O$5:$P$6000,2,0) -> Hải Phòng - Canon Tiên Sơn - Hải Phòng | C46: 46052 | D46: 237500724574 | E46: =VLOOKUP(H46,[1]Sheet1!$I$1:$Q$180000,9,0) -> 308206869740 | F46: 40HC | G46: VH-26/50161 | H46: EGSU6255047 | I46: 29E-28914 | J46: 3991627 | N46: 100000 | O46: =SUM(J46:N46) -> 4091627 | P46: Lấy HPH - TS EX - Hạ HPH Connect | Q46: BB | R46: Cont40 | T46: SAO Á | U46: GIC | Z46: =$Z$19&B46&$AA$19&H46 -> Cước vận chuyển Hải Phòng - Canon Tiên Sơn - Hải Phòng , số cont EGSU6255047
A47: =ROW()-21 -> 26 | B47: =VLOOKUP(P47,'chuyển 26.12'!$O$5:$P$6000,2,0) -> Hưng Yên - Canon Tiên Sơn - Hải Phòng | C47: 46052 | D47: 6441249510 | E47: =VLOOKUP(H47,[1]Sheet1!$I$1:$Q$180000,9,0) -> 308208412320 | F47: 40HC | G47: VS-26/50143 | H47: TGBU4372613 | I47: 15C-06471 | J47: 3057684 | N47: 100000 | O47: =SUM(J47:N47) -> 3157684 | P47: Lấy Hưng Yên - RU TS EX - Hạ HPH | R47: Cont40 | T47: RU HY | U47: TÂN VŨ | Z47: =$Z$19&B47&$AA$19&H47 -> Cước vận chuyển Hưng Yên - Canon Tiên Sơn - Hải Phòng , số cont TGBU4372613
A48: =ROW()-21 -> 27 | B48: =VLOOKUP(P48,'chuyển 26.12'!$O$5:$P$6000,2,0) -> Hưng Yên - Canon Tiên Sơn - Hải Phòng | C48: 46055 | D48: 7266235620 | E48: =VLOOKUP(H48,[1]Sheet1!$I$1:$Q$180000,9,0) -> 308214663320 | F48: 40HC | G48: VS-26/50154 | H48: OOCU9677689 | I48: 29H-81846 | J48: 3057684 | N48: 100000 | O48: =SUM(J48:N48) -> 3157684 | P48: Lấy Hưng Yên - RU TS EX - Hạ HPH | R48: Cont40 | T48: RU HY | U48: Grand Forward | Z48: =$Z$19&B48&$AA$19&H48 -> Cước vận chuyển Hưng Yên - Canon Tiên Sơn - Hải Phòng , số cont OOCU9677689
A49: =ROW()-21 -> 28 | B49: =VLOOKUP(P49,'chuyển 26.12'!$O$5:$P$6000,2,0) -> Hưng Yên - Canon Tiên Sơn - Hải Phòng | C49: 46055 | D49: 6441249510 | E49: =VLOOKUP(H49,[1]Sheet1!$I$1:$Q$180000,9,0) -> 308214660520 | F49: 40HC | G49: VS-26/50148 | H49: OOCU9724332 | I49: 15H-05911 | J49: 3057684 | N49: 100000 | O49: =SUM(J49:N49) -> 3157684 | P49: Lấy Hưng Yên - RU TS EX - Hạ HPH | R49: Cont40 | T49: RU HY | U49: TÂN VŨ | Z49: =$Z$19&B49&$AA$19&H49 -> Cước vận chuyển Hưng Yên - Canon Tiên Sơn - Hải Phòng , số cont OOCU9724332
A50: =ROW()-21 -> 29 | B50: =VLOOKUP(P50,'chuyển 26.12'!$O$5:$P$6000,2,0) -> Hưng Yên - Canon Tiên Sơn - Hải Phòng | C50: 46056 | D50: 6443474480 | E50: =VLOOKUP(H50,[1]Sheet1!$I$1:$Q$180000,9,0) -> 308219883920 | F50: 40HC | G50: VH-26/50168 | H50: OOLU9182201 | I50: 29H-81871 | J50: 3057684 | N50: 100000 | O50: =SUM(J50:N50) -> 3157684 | P50: Lấy Hưng Yên - RU TS EX - Hạ HPH | R50: Cont40 | T50: RU HY | U50: Grand Forward | Z50: =$Z$19&B50&$AA$19&H50 -> Cước vận chuyển Hưng Yên - Canon Tiên Sơn - Hải Phòng , số cont OOLU9182201
A51: =ROW()-21 -> 30 | B51: =VLOOKUP(P51,'chuyển 26.12'!$O$5:$P$6000,2,0) -> Hưng Yên - Canon Tiên Sơn - Hải Phòng | C51: 46056 | D51: 6443474480 | E51: =VLOOKUP(H51,[1]Sheet1!$I$1:$Q$180000,9,0) -> 308219852530 | F51: 40HC | G51: VH-26/50167 | H51: TCNU4314670 | I51: 15H-05911 | J51: 3057684 | N51: 100000 | O51: =SUM(J51:N51) -> 3157684 | P51: Lấy Hưng Yên - RU TS EX - Hạ HPH | R51: Cont40 | T51: RU HY | U51: Grand Forward | Z51: =$Z$19&B51&$AA$19&H51 -> Cước vận chuyển Hưng Yên - Canon Tiên Sơn - Hải Phòng , số cont TCNU4314670
A52: =ROW()-21 -> 31 | B52: =VLOOKUP(P52,'chuyển 26.12'!$O$5:$P$6000,2,0) -> Hải Phòng - Canon Tiên Sơn - Lạch Huyện, Hải Phòng | C52: 46056 | D52: ONEYHANG07483500 | E52: =VLOOKUP(H52,[1]Sheet1!$I$1:$Q$180000,9,0) -> 308219818820 | F52: 20DC | G52: VS-26/50164 | H52: ONEU2350452 | I52: 15H-08558 | J52: 4021445 | N52: 100000 | O52: =SUM(J52:N52) -> 4121445 | P52: Lấy HPH - TS EX - Hạ Lạch Huyện Disconnect | R52: Cont20 | T52: SAO Á | U52: LẠCH HUYỆN | Z52: =$Z$19&B52&$AA$19&H52 -> Cước vận chuyển Hải Phòng - Canon Tiên Sơn - Lạch Huyện, Hải Phòng , số cont ONEU2350452
A53: =ROW()-21 -> 32 | B53: =VLOOKUP(P53,'chuyển 26.12'!$O$5:$P$6000,2,0) -> Hải Phòng - Canon Tiên Sơn - Hải Phòng | C53: 46057 | D53: SNLGHPCL000748 | E53: =VLOOKUP(H53,[1]Sheet1!$I$1:$Q$180000,9,0) -> 308225764620 | F53: 40HC | G53: VH-26/50193 | H53: SNBU8270906 | I53: 15H-00820 | J53: 3991627 | N53: 100000 | O53: =SUM(J53:N53) -> 4091627 | P53: Lấy HPH - TS EX - Hạ HPH Connect | Q53: BB | R53: Cont40 | T53: SITC ĐÌNH VŨ | U53: GIC | Z53: =$Z$19&B53&$AA$19&H53 -> Cước vận chuyển Hải Phòng - Canon Tiên Sơn - Hải Phòng , số cont SNBU8270906
A54: =ROW()-21 -> 33 | B54: =VLOOKUP(P54,'chuyển 26.12'!$O$5:$P$6000,2,0) -> Hải Phòng - Canon Tiên Sơn - Lạch Huyện, Hải Phòng | C54: 46058 | D54: ONEYHANG11282400 | E54: =VLOOKUP(H54,[1]Sheet1!$I$1:$Q$180000,9,0) -> 308227339360 | F54: 40HC | G54: VH-26/50191 | H54: ONEU5769530 | I54: 15H-00820 | J54: 4021445 | N54: 100000 | O54: =SUM(J54:N54) -> 4121445 | P54: Lấy HPH - TS EX - Hạ Lạch Huyện Disconnect | R54: Cont40 | T54: GLC | U54: LẠCH HUYỆN | Z54: =$Z$19&B54&$AA$19&H54 -> Cước vận chuyển Hải Phòng - Canon Tiên Sơn - Lạch Huyện, Hải Phòng , số cont ONEU5769530
A55: =ROW()-21 -> 34 | B55: =VLOOKUP(P55,'chuyển 26.12'!$O$5:$P$6000,2,0) -> Hải Phòng - Canon Tiên Sơn - Hải Phòng | C55: 46058 | D55: 237600079000 | E55: =VLOOKUP(H55,[1]Sheet1!$I$1:$Q$180000,9,0) -> 308227361210 | F55: 40HC | G55: VS-26/50176 | H55: EMCU9928728 | I55: 15H-00820 | J55: 3991627 | N55: 100000 | O55: =SUM(J55:N55) -> 4091627 | P55: Lấy HPH - TS EX - Hạ HPH Connect | Q55: BB | R55: Cont40 | T55: SAO Á | U55: GIC | Z55: =$Z$19&B55&$AA$19&H55 -> Cước vận chuyển Hải Phòng - Canon Tiên Sơn - Hải Phòng , số cont EMCU9928728
A56: =ROW()-21 -> 35 | B56: =VLOOKUP(P56,'chuyển 26.12'!$O$5:$P$6000,2,0) -> Hải Phòng - Canon Tiên Sơn - Hải Phòng | C56: 46059 | D56: 237600097407 | E56: =VLOOKUP(H56,[1]Sheet1!$I$1:$Q$180000,9,0) -> 308233006820 | F56: 40HC | G56: VH-26/50197 | H56: EGSU1767971 | I56: 29H-81607 | J56: 3991627 | N56: 100000 | O56: =SUM(J56:N56) -> 4091627 | P56: Lấy HPH - TS EX - Hạ HPH Connect | Q56: BB | R56: Cont40 | T56: SAO Á | U56: GIC | Z56: =$Z$19&B56&$AA$19&H56 -> Cước vận chuyển Hải Phòng - Canon Tiên Sơn - Hải Phòng , số cont EGSU1767971
A57: =ROW()-21 -> 36 | B57: =VLOOKUP(P57,'chuyển 26.12'!$O$5:$P$6000,2,0) -> Hải Phòng - Canon Tiên Sơn - Hải Phòng | C57: 46059 | D57: 237600104039 | E57: =VLOOKUP(H57,[1]Sheet1!$I$1:$Q$180000,9,0) -> 308233069120 | F57: 40HC | G57: VH-26/50198 | H57: EGHU8316929 | I57: 29E-28922 | J57: 3991627 | N57: 100000 | O57: =SUM(J57:N57) -> 4091627 | P57: Lấy HPH - TS EX - Hạ HPH Connect | Q57: BB | R57: Cont40 | T57: SAO Á | U57: GIC | Z57: =$Z$19&B57&$AA$19&H57 -> Cước vận chuyển Hải Phòng - Canon Tiên Sơn - Hải Phòng , số cont EGHU8316929
A58: =ROW()-21 -> 37 | B58: =VLOOKUP(P58,'chuyển 26.12'!$O$5:$P$6000,2,0) -> Hải Phòng - Canon Tiên Sơn - Lạch Huyện, Hải Phòng | C58: 46062 | D58: EBKG15775597 | E58: 308240528100 | F58: 20DC | G58: VH-26/50205 | H58: MSDU2090600 | I58: 29E-38441 | J58: 4321445 | N58: 100000 | O58: =SUM(J58:N58) -> 4421445 | P58: Lấy HPH - TS EX - Hạ Lạch Huyện Connect | Q58: BB | R58: Cont20 | T58: SITC ĐÌNH VŨ | U58: HATECO | Z58: =$Z$19&B58&$AA$19&H58 -> Cước vận chuyển Hải Phòng - Canon Tiên Sơn - Lạch Huyện, Hải Phòng , số cont MSDU2090600
A59: =ROW()-21 -> 38 | B59: =VLOOKUP(P59,'chuyển 26.12'!$O$5:$P$6000,2,0) -> Hải Phòng - Canon Tiên Sơn - Lạch Huyện, Hải Phòng | C59: 46062 | D59: SGN3044758 | E59: 308240529460 | F59: 20DC | G59: VH-26/50209 | H59: CMAU3236720 | I59: 29E-38441 | J59: 4021445 | N59: 100000 | O59: =SUM(J59:N59) -> 4121445 | P59: Lấy HPH - TS EX - Hạ Lạch Huyện Disconnect | R59: Cont20 | T59: SITC ĐÌNH VŨ | U59: HATECO | Z59: =$Z$19&B59&$AA$19&H59 -> Cước vận chuyển Hải Phòng - Canon Tiên Sơn - Lạch Huyện, Hải Phòng , số cont CMAU3236720
A60: =ROW()-21 -> 39 | B60: =VLOOKUP(P60,'chuyển 26.12'!$O$5:$P$6000,2,0) -> Hải Phòng - Canon Tiên Sơn - Hải Phòng | C60: 46062 | D60: SNLGHPCL000748 | E60: 308240538230 | F60: 40HC | G60: VH-26/50207 | H60: UETU5660170 | I60: 29H-81846 | J60: 3991627 | N60: 100000 | O60: =SUM(J60:N60) -> 4091627 | P60: Lấy HPH - TS EX - Hạ HPH Connect | Q60: BB | R60: Cont40 | T60: SITC ĐÌNH VŨ | U60: GIC | Z60: =$Z$19&B60&$AA$19&H60 -> Cước vận chuyển Hải Phòng - Canon Tiên Sơn - Hải Phòng , số cont UETU5660170
A61: =ROW()-21 -> 40 | B61: =VLOOKUP(P61,'chuyển 26.12'!$O$5:$P$6000,2,0) -> Hải Phòng - Canon Tiên Sơn - Hải Phòng | C61: 46063 | D61: SNLGHPCL000748 | E61: 308246968210 | F61: 20DC | G61: VH-26/50217 | H61: SNBU2409126 | I61: 29H-81871 | J61: 3991627 | N61: 100000 | O61: =SUM(J61:N61) -> 4091627 | P61: Lấy HPH - TS EX - Hạ HPH Connect | Q61: BB | R61: Cont20 | T61: GIC | U61: GIC | Z61: =$Z$19&B61&$AA$19&H61 -> Cước vận chuyển Hải Phòng - Canon Tiên Sơn - Hải Phòng , số cont SNBU2409126
A62: =ROW()-21 -> 41 | B62: =VLOOKUP(P62,'chuyển 26.12'!$O$5:$P$6000,2,0) -> Hải Phòng - Canon Tiên Sơn - Hải Phòng | C62: 46063 | D62: SNLGHPCL000748 | E62: 308246996800 | F62: 40HC | G62: VH-26/50221 | H62: WSDU5035910 | I62: 29C-18195 | J62: 3691627 | N62: 100000 | O62: =SUM(J62:N62) -> 3791627 | P62: Lấy HPH - TS EX - Hạ HPH Disconnect | R62: Cont40 | T62: GIC | U62: GIC | Z62: =$Z$19&B62&$AA$19&H62 -> Cước vận chuyển Hải Phòng - Canon Tiên Sơn - Hải Phòng , số cont WSDU5035910
A63: =ROW()-21 -> 42 | B63: =VLOOKUP(P63,'chuyển 26.12'!$O$5:$P$6000,2,0) -> Hải Phòng - Canon Tiên Sơn - Hải Phòng | C63: 46063 | D63: HANG04220500 | E63: 308247380730 | F63: 20DC | G63: VS-26/50226 | H63: ONEU2971320 | I63: 29H-81921 | J63: 3991627 | N63: 100000 | O63: =SUM(J63:N63) -> 4091627 | P63: Lấy HPH - TS EX - Hạ HPH Connect | Q63: BB | R63: Cont20 | T63: VINABRIDGE | U63: HÀ HƯNG HẢI | Z63: =$Z$19&B63&$AA$19&H63 -> Cước vận chuyển Hải Phòng - Canon Tiên Sơn - Hải Phòng , số cont ONEU2971320
A64: =ROW()-21 -> 43 | B64: =VLOOKUP(P64,'chuyển 26.12'!$O$5:$P$6000,2,0) -> Hải Phòng - Canon Tiên Sơn - Hải Phòng | C64: 46063 | D64: 237600106449 | E64: 308247417020 | F64: 20DC | G64: VH-26/50232 | H64: EGSU3767625 | I64: 29H-81921 | J64: 3691627 | N64: 100000 | O64: =SUM(J64:N64) -> 3791627 | P64: Lấy HPH - TS EX - Hạ HPH Disconnect | R64: Cont20 | T64: SAO Á | U64: GIC | Z64: =$Z$19&B64&$AA$19&H64 -> Cước vận chuyển Hải Phòng - Canon Tiên Sơn - Hải Phòng , số cont EGSU3767625
A65: =ROW()-21 -> 44 | B65: Canon Tiên Sơn - Hải Phòng | C65: 46063 | D65: COSU6438439150 | E65: 308240536830 | F65: 40HC | G65: VH-26/50203 | H65: FCIU9815555 | I65: 29E-38562 | J65: 2756644 | N65: 100000 | O65: =SUM(J65:N65) -> 2856644 | P65: Lấy HPH - Trả nhập 2 điểm QV , TS - RU TS EX - Hạ HPH | R65: Cont40 | T65: RU CTS | U65: NAM ĐÌNH VŨ | Z65: =$Z$19&B65&$AA$19&H65 -> Cước vận chuyển Canon Tiên Sơn - Hải Phòng , số cont FCIU9815555
A66: =ROW()-21 -> 45 | B66: =VLOOKUP(P66,'chuyển 26.12'!$O$5:$P$6000,2,0) -> Hải Phòng - Canon Tiên Sơn - Lạch Huyện, Hải Phòng | C66: 46064 | D66: COSU6444384720 | E66: 308252039120 | F66: 40HC | G66: VH-26/50206 | H66: CSNU7713111 | I66: 15H-11783 | J66: 4021445 | N66: 100000 | O66: =SUM(J66:N66) -> 4121445 | P66: Lấy HPH - TS EX - Hạ Lạch Huyện Disconnect | R66: Cont40 | T66: GFORTUNE | U66: LẠCH HUYỆN | Z66: =$Z$19&B66&$AA$19&H66 -> Cước vận chuyển Hải Phòng - Canon Tiên Sơn - Lạch Huyện, Hải Phòng , số cont CSNU7713111
A67: =ROW()-21 -> 46 | B67: =VLOOKUP(P67,'chuyển 26.12'!$O$5:$P$6000,2,0) -> Hải Phòng - Canon Tiên Sơn - Hải Phòng | C67: 46063 | D67: 6438439150 | E67: 308249638450 | F67: 40HC | G67: VH-26/50210 | H67: OOCU6133470 | I67: 15H-09256 | J67: 3691627 | N67: 100000 | O67: =SUM(J67:N67) -> 3791627 | P67: Lấy HPH - TS EX - Hạ HPH Disconnect | R67: Cont40 | T67: GFORTUNE | U67: NAM ĐÌNH VŨ | Z67: =$Z$19&B67&$AA$19&H67 -> Cước vận chuyển Hải Phòng - Canon Tiên Sơn - Hải Phòng , số cont OOCU6133470
A68: Tổng | J68: =SUM(J22:J67) -> 167079801 | K68: =SUM(K22:K67) -> 0 | L68: =SUM(L22:L67) -> 0 | M68: =SUM(M22:M67) -> 0 | N68: =SUM(N22:N67) -> 4600000 | O68: =SUM(O22:O67) -> 171679801
J70: ='COVER DN XUẤT'!D41 -> Ngày 23 tháng 02 năm 2026
J72: ĐẠI DIỆN BÊN BÁN

Sheet COVER DN ICDTP
A1: CỘNG HÒA XÃ HỘI CHỦ NGHĨA VIỆT NAM
A2: Độc lập - Tự do - Hạnh Phúc
A4: DEBIT NOTE
A6: Căn cứ vào tình hình thực tế thực hiện,
A7: Chúng tôi gồm:
A8: BÊN MUA: CÔNG TY TNHH CANON VIỆT NAM - CHI NHÁNH TIÊN SƠN
A9: Địa chỉ: Số 12, đường TS10, Khu công nghiệp Tiên Sơn, Xã Đại Đồng, Tỉnh Bắc Ninh, Việt Nam
A10: MST: 0101125340002
A11: Đại diện: | D11: Chức vụ:
A13: BÊN BÁN: CÔNG TY CỔ PHẦN MBF
A14: Địa chỉ: Số 58 Xóm Giếng, Thôn Cổ Điển A, Xã Thanh Trì, Thành phố Hà Nội, Việt Nam
A15: MST: 0105040296
A16: Đại diện: | D16: Chức vụ:
A17: Cùng đối chiếu như sau:
C18: Debit No.: | D18: MBF-CTS11022026-4
C19: Date | D19: ='COVER DN XUẤT'!D19 -> 23/02/2026
A22: DESCRIPTION | E22: AMOUNT (VND) | F22: REMARK
A23: 1 | B23: Trucking charge ICDTP - TS - ICD TP (VND) | E23: ='ICD TP'!K44 -> 29158670
A24: 2 | B24: Round use container fee ( VND) | E24: ='[2]XUẤT- ICD'!O100 -> 0
A25: 3 | B25: Barging fee ( VND ) | E25: ='ICD TP'!L44 -> 81000000
A26: 4 | B26: Custom fee (VND) | E26: ='ICD TP'!P44 -> 2100000
A27: 5 | B27: Submit CD + EIR overtime | E27: ='[2]XUẤT- ICD'!N100 -> 0
A28: 6 | B28: Detention fee | E28: ='[2]XUẤT- ICD'!Q100 -> 0
A29: 7 | B29: Trucking charge HPH - TS - HPH (VND) | E29: ='[2]XUẤT- ICD'!M100 -> 0
A30: 8 | B30: Transportation fee for truck comeback to ICD without Container | E30: ='ICD TP'!M44 -> 0
A35: SUB TOTAL | E35: =E23+E24+E25+E26+E27+E28+E29+E30 -> 112258670
A36: VAT 0%
A37: TOTAL DEBIT | E37: =SUM(E35:E36) -> 112258670
D40: ='COVER DN XUẤT'!D41 -> Ngày 23 tháng 02 năm 2026
D42: ĐẠI DIỆN BÊN BÁN

Sheet ICD TP
A1: CỘNG HÒA XÃ HỘI CHỦ NGHĨA VIỆT NAM
A2: Độc lập - Tự do - Hạnh Phúc
A4: STATEMENT ACCOUNT FOR EXPORT CUSTOM CLEARANCE AND TRANSPORTATION FEE
A6: Căn cứ vào tình hình thực tế thực hiện,
A7: Chúng tôi gồm:
A8: BÊN MUA: CÔNG TY TNHH CANON VIỆT NAM - CHI NHÁNH TIÊN SƠN
A9: Địa chỉ: Số 12, đường TS10, Khu công nghiệp Tiên Sơn, Xã Đại Đồng, Tỉnh Bắc Ninh, Việt Nam
A10: MST: 0101125340002
A11: Đại diện: | D11: Chức vụ:
A13: BÊN BÁN: CÔNG TY CỔ PHẦN MBF | U13: Cước vận chuyển nội địa Tiên Sơn- ICD Tri Phương | V13: TP - TS EX - TP + sà lan
A14: Địa chỉ: Số 58 Xóm Giếng, Thôn Cổ Điển A, Xã Thanh Trì, Thành phố Hà Nội, Việt Nam
A15: MST: 0105040296
A16: Đại diện: | D16: Chức vụ:
A17: Cùng đối chiếu như sau:
P18: Debit No.: | R18: ='COVER DN ICDTP'!D18 -> MBF-CTS11022026-4 | AD18: Cước vận chuyển sà lan
P19: Date | R19: ='COVER DN ICDTP'!D19 -> 23/02/2026 | AC19: ICD Tri Phương- Canon Tiên Sơn- ICD Tri Phương | AD19: ICD Tri Phương - Lạch Huyện, Hải Phòng
A21: STT | B21: Tuyến vận chuyển | C21: Ngày vận chuyển | D21: BL/ BKG | E21: Tờ khai | F21: Loại Conts | G21: CVN Invoice no | H21: Số Conts | I21: Biển kiểm soát | J21: Số hiệu sà lan | K21: Cước vận chuyển | L21: Cước vận chuyển sà lan ICD Tri Phương - HPH | M21: Phí vận tải đi đầu không | N21: Phí thanh lý tờ khai ngoài giờ | O21: Phí tái sử dụng container rỗng | P21: Phí thanh lý tờ khai | Q21: Phí lưu ca | R21: Tổng tiền | S21: Ghi chú | V21: Sà Lan Hạ | X21: Cont vào | Y21: Cont ra | Z21: , | AC21: Cước vận chuyển | AD21: , số cont | AF21: , Số hiệu sà lan :
A22: =ROW()-21 -> 1 | B22: ICD Tri Phương- Canon Tiên Sơn- ICD Tri Phương | C22: 46039 | D22: 6438798510 | F22: 40HC | G22: VH-26/50088 | H22: FFAU2878148 | I22: 29K-12627 | K22: 1478840 | R22: =SUM(K22:Q22) -> 1478840 | T22: BB | AC22: =$AC$21&$AC$19&$AD$21&H22 -> Cước vận chuyển ICD Tri Phương- Canon Tiên Sơn- ICD Tri Phương , số cont FFAU2878148
A23: =ROW()-21 -> 2 | B23: ICD Tri Phương- Canon Tiên Sơn- ICD Tri Phương - sà lan Lạch Huyện, Hải Phòng | C23: 46039 | D23: 262590698 | E23: 308161200230 | F23: 40HC | G23: VS-26/50072 | H23: TCNU8079500 | I23: 29H-86407 | J23: SOWATCO 05 (BN-2605) | K23: 1178840 | L23: 4050000 | P23: 100000 | R23: =SUM(K23:Q23) -> 5328840 | AC23: =$AC$21&$AC$19&$AD$21&H23 -> Cước vận chuyển ICD Tri Phương- Canon Tiên Sơn- ICD Tri Phương , số cont TCNU8079500 | AD23: =$AD$18&$AD$19&$AD$21&H23 -> Cước vận chuyển sà lan ICD Tri Phương - Lạch Huyện, Hải Phòng , số cont TCNU8079500
A24: =ROW()-21 -> 3 | B24: ICD Tri Phương- Canon Tiên Sơn- ICD Tri Phương - sà lan Lạch Huyện, Hải Phòng | C24: 46039 | D24: 262590698 | E24: 308161249010 | F24: 40HC | G24: VS-26/50073 | H24: HASU4792005 | I24: 29C-18195 | J24: SOWATCO 05 (BN-2605) | K24: 1178840 | L24: 4050000 | P24: 100000 | R24: =SUM(K24:Q24) -> 5328840 | AC24: =$AC$21&$AC$19&$AD$21&H24 -> Cước vận chuyển ICD Tri Phương- Canon Tiên Sơn- ICD Tri Phương , số cont HASU4792005 | AD24: =$AD$18&$AD$19&$AD$21&H24 -> Cước vận chuyển sà lan ICD Tri Phương - Lạch Huyện, Hải Phòng , số cont HASU4792005
A25: =ROW()-21 -> 4 | B25: ICD Tri Phương- Canon Tiên Sơn- ICD Tri Phương - sà lan Lạch Huyện, Hải Phòng | C25: 46043 | D25: 262863213 | E25: 308174416450 | F25: 40HC | G25: VS-26/50090 | H25: UETU6938394 | I25: 29H-86407 | J25: SOWATCO 03 (BN-2603) | K25: 1178840 | L25: 4050000 | P25: 100000 | R25: =SUM(K25:Q25) -> 5328840 | AC25: =$AC$21&$AC$19&$AD$21&H25 -> Cước vận chuyển ICD Tri Phương- Canon Tiên Sơn- ICD Tri Phương , số cont UETU6938394 | AD25: =$AD$18&$AD$19&$AD$21&H25 -> Cước vận chuyển sà lan ICD Tri Phương - Lạch Huyện, Hải Phòng , số cont UETU6938394
A26: =ROW()-21 -> 5 | B26: ICD Tri Phương- Canon Tiên Sơn- ICD Tri Phương - sà lan Lạch Huyện, Hải Phòng | C26: 46045 | D26: 262863213 | E26: 308182398000 | F26: 40HC | G26: VS-26/50111 | H26: MRSU7085290 | I26: 29H-88946 | J26: SOWATCO 02 (BN-2602) | K26: 1178840 | L26: 4050000 | P26: 100000 | R26: =SUM(K26:Q26) -> 5328840 | AC26: =$AC$21&$AC$19&$AD$21&H26 -> Cước vận chuyển ICD Tri Phương- Canon Tiên Sơn- ICD Tri Phương , số cont MRSU7085290 | AD26: =$AD$18&$AD$19&$AD$21&H26 -> Cước vận chuyển sà lan ICD Tri Phương - Lạch Huyện, Hải Phòng , số cont MRSU7085290
A27: =ROW()-21 -> 6 | B27: ICD Tri Phương- Canon Tiên Sơn- ICD Tri Phương - sà lan Lạch Huyện, Hải Phòng | C27: 46049 | D27: 263155880 | E27: 308196593520 | F27: 40HC | G27: VS-26/50130 | H27: MRKU6092501 | I27: 29K-12627 | J27: SOWATCO 03 (BN-2603) | K27: 1178840 | L27: 4050000 | P27: 100000 | R27: =SUM(K27:Q27) -> 5328840 | AC27: =$AC$21&$AC$19&$AD$21&H27 -> Cước vận chuyển ICD Tri Phương- Canon Tiên Sơn- ICD Tri Phương , số cont MRKU6092501 | AD27: =$AD$18&$AD$19&$AD$21&H27 -> Cước vận chuyển sà lan ICD Tri Phương - Lạch Huyện, Hải Phòng , số cont MRKU6092501
A28: =ROW()-21 -> 7 | B28: ICD Tri Phương- Canon Tiên Sơn- ICD Tri Phương - sà lan Lạch Huyện, Hải Phòng | C28: 46050 | D28: 263155880 | E28: 308201614950 | F28: 40HC | G28: VS-26/50127 | H28: CAIU8271361 | I28: 29H-86403 | J28: SOWATCO 01 (BN-2601) | K28: 1178840 | L28: 4050000 | P28: 100000 | R28: =SUM(K28:Q28) -> 5328840 | AC28: =$AC$21&$AC$19&$AD$21&H28 -> Cước vận chuyển ICD Tri Phương- Canon Tiên Sơn- ICD Tri Phương , số cont CAIU8271361 | AD28: =$AD$18&$AD$19&$AD$21&H28 -> Cước vận chuyển sà lan ICD Tri Phương - Lạch Huyện, Hải Phòng , số cont CAIU8271361
A29: =ROW()-21 -> 8 | B29: ICD Tri Phương- Canon Tiên Sơn- ICD Tri Phương - sà lan Lạch Huyện, Hải Phòng | C29: 46050 | D29: 263155880 | E29: 308202089550 | F29: 40HC | G29: VS-26/50126 | H29: MRKU4878425 | I29: 29C-18195 | J29: SOWATCO 01 (BN-2601) | K29: 1178840 | L29: 4050000 | P29: 100000 | R29: =SUM(K29:Q29) -> 5328840 | AC29: =$AC$21&$AC$19&$AD$21&H29 -> Cước vận chuyển ICD Tri Phương- Canon Tiên Sơn- ICD Tri Phương , số cont MRKU4878425 | AD29: =$AD$18&$AD$19&$AD$21&H29 -> Cước vận chuyển sà lan ICD Tri Phương - Lạch Huyện, Hải Phòng , số cont MRKU4878425
A30: =ROW()-21 -> 9 | B30: ICD Tri Phương- Canon Tiên Sơn- ICD Tri Phương - sà lan Lạch Huyện, Hải Phòng | C30: 46052 | D30: 263415697 | E30: 308214657940 | F30: 40HC | G30: VS-26/50149 | H30: MRKU5471706 | I30: 29C-18195 | J30: SOWATCO 01 (BN-2601) | K30: 1194380 | L30: 4050000 | P30: 100000 | R30: =SUM(K30:Q30) -> 5344380 | AC30: =$AC$21&$AC$19&$AD$21&H30 -> Cước vận chuyển ICD Tri Phương- Canon Tiên Sơn- ICD Tri Phương , số cont MRKU5471706 | AD30: =$AD$18&$AD$19&$AD$21&H30 -> Cước vận chuyển sà lan ICD Tri Phương - Lạch Huyện, Hải Phòng , số cont MRKU5471706
A31: =ROW()-21 -> 10 | B31: ICD Tri Phương- Canon Tiên Sơn- ICD Tri Phương - sà lan Lạch Huyện, Hải Phòng | C31: 46055 | D31: 263415697 | E31: 308214658640 | F31: 40HC | G31: VS-26/50150 | H31: MRKU5130187 | I31: 29H-88946 | J31: SOWATCO 01 (BN-2601) | K31: 1194380 | L31: 4050000 | P31: 100000 | R31: =SUM(K31:Q31) -> 5344380 | AC31: =$AC$21&$AC$19&$AD$21&H31 -> Cước vận chuyển ICD Tri Phương- Canon Tiên Sơn- ICD Tri Phương , số cont MRKU5130187 | AD31: =$AD$18&$AD$19&$AD$21&H31 -> Cước vận chuyển sà lan ICD Tri Phương - Lạch Huyện, Hải Phòng , số cont MRKU5130187
A32: =ROW()-21 -> 11 | B32: ICD Tri Phương- Canon Tiên Sơn- ICD Tri Phương - sà lan Lạch Huyện, Hải Phòng | C32: 46055 | D32: 263415697 | E32: 308214659120 | F32: 40HC | G32: VS-26/50151 | H32: MRSU3560345 | I32: 29K-12627 | J32: SOWATCO 01 (BN-2601) | K32: 1194380 | L32: 4050000 | P32: 100000 | R32: =SUM(K32:Q32) -> 5344380 | AC32: =$AC$21&$AC$19&$AD$21&H32 -> Cước vận chuyển ICD Tri Phương- Canon Tiên Sơn- ICD Tri Phương , số cont MRSU3560345 | AD32: =$AD$18&$AD$19&$AD$21&H32 -> Cước vận chuyển sà lan ICD Tri Phương - Lạch Huyện, Hải Phòng , số cont MRSU3560345
A33: =ROW()-21 -> 12 | B33: ICD Tri Phương- Canon Tiên Sơn- ICD Tri Phương - sà lan Lạch Huyện, Hải Phòng | C33: 46055 | D33: 263415697 | E33: 308214659600 | F33: 40HC | G33: VS-26/50153 | H33: CAAU5939840 | I33: 29E-38583 | J33: SOWATCO 01 (BN-2601) | K33: 1194380 | L33: 4050000 | P33: 100000 | R33: =SUM(K33:Q33) -> 5344380 | AC33: =$AC$21&$AC$19&$AD$21&H33 -> Cước vận chuyển ICD Tri Phương- Canon Tiên Sơn- ICD Tri Phương , số cont CAAU5939840 | AD33: =$AD$18&$AD$19&$AD$21&H33 -> Cước vận chuyển sà lan ICD Tri Phương - Lạch Huyện, Hải Phòng , số cont CAAU5939840
A34: =ROW()-21 -> 13 | B34: ICD Tri Phương- Canon Tiên Sơn- ICD Tri Phương - sà lan Lạch Huyện, Hải Phòng | C34: 46056 | D34: 263415697 | E34: 308219941650 | F34: 40HC | G34: VS-26/50158 | H34: GESU6907082 | I34: 29H-88946 | J34: SOWATCO 01 (BN-2601) | K34: 1194380 | L34: 4050000 | P34: 100000 | R34: =SUM(K34:Q34) -> 5344380 | AC34: =$AC$21&$AC$19&$AD$21&H34 -> Cước vận chuyển ICD Tri Phương- Canon Tiên Sơn- ICD Tri Phương , số cont GESU6907082 | AD34: =$AD$18&$AD$19&$AD$21&H34 -> Cước vận chuyển sà lan ICD Tri Phương - Lạch Huyện, Hải Phòng , số cont GESU6907082
... A42: =ROW()-21 -> 21 | B42: ICD Tri Phương- Canon Tiên Sơn- ICD Tri Phương - sà lan Lạch Huyện, Hải Phòng | C42: 46064 | D42: 263587242 | E42: 308252746230 | F42: 40HC | G42: VS-26/50211 | H42: MRKU4366054 | I42: 29C-18195 | J42: SOWATCO 02 (BN-2602) | K42: 1194380 | L42: 4050000 | P42: 100000 | R42: =SUM(K42:Q42) -> 5344380 | AC42: =$AC$21&$AC$19&$AD$21&H42 -> Cước vận chuyển ICD Tri Phương- Canon Tiên Sơn- ICD Tri Phương , số cont MRKU4366054 | AD42: =$AD$18&$AD$19&$AD$21&H42 -> Cước vận chuyển sà lan ICD Tri Phương - Lạch Huyện, Hải Phòng , số cont MRKU4366054
A43: =ROW()-21 -> 22 | B43: ICD Tri Phương- Canon Tiên Sơn- Lạch Huyện, Hải Phòng | C43: 46046 | D43: 262863213 | E43: 308184475600 | F43: 40HC | G43: VS-26/50116 | H43: MRSU3059225 | I43: 29H-88946 | K43: 3901010 | P43: 100000 | R43: =SUM(K43:Q43) -> 4001010 | AC43: Cước vận chuyển ICD Tri Phương- Canon Tiên Sơn- Lạch Huyện, Hải Phòng , số cont MRSU3059225
A44: Tổng | K44: =SUM(K22:K43) -> 29158670 | L44: =SUM(L22:L43) -> 81000000 | M44: =SUM(M22:M43) -> 0 | N44: =SUM(N22:N41) -> 0 | O44: =SUM(O22:O41) -> 0 | P44: =SUM(P22:P43) -> 2100000 | Q44: =SUM(Q22:Q41) -> 0 | R44: =SUM(R22:R43) -> 112258670
K46: ='COVER DN ICDTP'!D40 -> Ngày 23 tháng 02 năm 2026
K48: ĐẠI DIỆN BÊN BÁN

Sheet chuyển 26.12
O5: Lấy HPH - TS IM - RU TS EX - Hạ Lạch Huyện | P5: Canon Tiên Sơn - Lạch Huyện, Hải Phòng
O6: Lấy HPH - TS EX - Hạ HPH | P6: Hải Phòng - Canon Tiên Sơn - Hải Phòng
O7: Lấy HPH - TS EX - Hạ HPH Connect | P7: Hải Phòng - Canon Tiên Sơn - Hải Phòng
O8: Lấy Hưng Yên - RU TS EX - Hạ HPH | P8: Hưng Yên - Canon Tiên Sơn - Hải Phòng
O9: Lấy Hưng Yên - RU TS EX - Hạ HPH | P9: Hưng Yên - Canon Tiên Sơn - Hải Phòng
O10: Lấy Hưng Yên - RU TS EX - Hạ HPH | P10: Hưng Yên - Canon Tiên Sơn - Hải Phòng
O11: Lấy Hưng Yên - RU TS EX - Hạ HPH | P11: Hưng Yên - Canon Tiên Sơn - Hải Phòng
O12: Lấy HPH - TS EX - Hạ HPH | P12: Hải Phòng - Canon Tiên Sơn - Hải Phòng
O13: Lấy HPH - TS EX - Hạ HPH | P13: Hải Phòng - Canon Tiên Sơn - Hải Phòng
O14: Lấy HPH - Trả nhập 2 điểm TL , TS - RU TS EX - Hạ Lạch Huyện | P14: Canon Tiên Sơn - Lạch Huyện, Hải Phòng
O15: Lấy HPH - TS EX - Hạ HPH | P15: Hải Phòng - Canon Tiên Sơn - Hải Phòng
O16: Lấy HPH - TS IM - RU TS EX - Hạ Lạch Huyện | P16: Canon Tiên Sơn - Lạch Huyện, Hải Phòng
... O42: Lấy Lạch Huyện - TS EX - Hạ HPH Disconnect | P42: Lạch Huyện - Canon Tiên Sơn - Hải Phòng

Sheet COVER BTB XUẤT
A1: CỘNG HÒA XÃ HỘI CHỦ NGHĨA VIỆT NAM
A2: Độc lập - Tự do - Hạnh Phúc
A4: DEBIT NOTE
A6: Căn cứ vào tình hình thực tế thực hiện,
A7: Chúng tôi gồm:
A8: BÊN MUA: CÔNG TY TNHH CANON VIỆT NAM - CHI NHÁNH TIÊN SƠN
A9: Địa chỉ: Số 12, đường TS10, Khu công nghiệp Tiên Sơn, Xã Đại Đồng, Tỉnh Bắc Ninh, Việt Nam
A10: MST: 0101125340002
A11: Đại diện: | D11: Chức vụ:
A13: BÊN BÁN: CÔNG TY CỔ PHẦN MBF
A14: Địa chỉ: Số 58 Xóm Giếng, Thôn Cổ Điển A, Xã Thanh Trì, Thành phố Hà Nội, Việt Nam
A15: MST: 0105040296
A16: Đại diện: | D16: Chức vụ:
A17: Cùng đối chiếu như sau:
C18: Debit No.: | D18: MBF-CTS11022026-3
C19: Date | D19: ='COVER DN XUẤT'!D19 -> 23/02/2026
A22: DESCRIPTION | E22: AMOUNT (VND) | F22: REMARK
A23: 1 | B23: Infrastructure expense | E23: ='CSHT XUẤT'!H89 -> 26750000
A24: 2 | B24: Lift on | E24: ='CSHT XUẤT'!M89 -> 51446000
A25: 3 | B25: Lift off | E25: ='CSHT XUẤT'!S89 -> 61472800
A26: 4 | B26: Other fees | E26: ='CSHT XUẤT'!Y89 -> 20000
A35: SUB TOTAL | E35: =E23+E24+E25+E26 -> 139688800
A36: VAT 0%
A37: TOTAL DEBIT | E37: =SUM(E35:E36) -> 139688800
D40: ='COVER DN XUẤT'!D41:H41 -> Ngày 23 tháng 02 năm 2026
D42: ĐẠI DIỆN BÊN BÁN

Sheet CSHT XUẤT
A1: CỘNG HÒA XÃ HỘI CHỦ NGHĨA VIỆT NAM | AI1: 0
A2: Độc lập - Tự do - Hạnh Phúc
A4: BACK TO BACK CHARGE
A6: Căn cứ vào tình hình thực tế thực hiện,
A7: Chúng tôi gồm:
A8: BÊN MUA: CÔNG TY TNHH CANON VIỆT NAM - CHI NHÁNH TIÊN SƠN
A9: Địa chỉ: Số 12, đường TS10, Khu công nghiệp Tiên Sơn, Xã Đại Đồng, Tỉnh Bắc Ninh, Việt Nam
A10: MST: 0101125340002
A11: Đại diện: | D11: Chức vụ:
A13: BÊN BÁN: CÔNG TY CỔ PHẦN MBF
A14: Địa chỉ: Số 58 Xóm Giếng, Thôn Cổ Điển A, Xã Thanh Trì, Thành phố Hà Nội, Việt Nam
A15: MST: 0105040296
A16: Đại diện: | D16: Chức vụ:
A17: Cùng đối chiếu như sau:
O19: Date | Q19: ='COVER BTB XUẤT'!C18 -> Debit No.: | R19: ='COVER BTB XUẤT'!D18 -> MBF-CTS11022026-3
Q20: ='COVER BTB XUẤT'!C19 -> Date | R20: ='COVER BTB XUẤT'!D19 -> 23/02/2026
A21: STT | B21: Ngày đóng hàng | C21: BL/ BKG | D21: Tờ khai | E21: Loại Conts | F21: CVN Invoice no | G21: Số Conts | H21: Chi hộ CSHT | I21: Invoice no | J21: Invoice date | K21: Net amount | L21: VAT | M21: Lift on | N21: Invoice no | O21: Invoice date | P21: Tên nhà cung cấp | Q21: Net amount | R21: VAT | S21: Lift off | T21: Invoice no | U21: Invoice date | V21: Tên nhà cung cấp | W21: Net amount | X21: VAT | Y21: Other fees | Z21: Invoice no | AA21: Invoice date | AB21: Tên nhà cung cấp | AC21: Total | AD21: Note | AM21: 0
A22: =ROW()-21 -> 1 | B22: 46038 | C22: 237500707611 | D22: =VLOOKUP(G22,[1]Sheet1!$I$1:$Q$180000,9,0) -> 308158278210 | E22: 40HC | F22: VS-26/50066 | G22: EMCU8313605 | H22: 500000 | I22: =$AI$1&AI22 -> 0614521 | J22: =VLOOKUP(D22,'web CSHT'!$J$4:$Q$110000,6,0) -> 46039 | K22: =M22/1.08 -> 1450000 | L22: =M22-K22 -> 116000 | M22: 1566000 | N22: 3537 | O22: 46038 | P22: CÔNG TY CỔ PHẦN VSC GREEN LOGISTICS | Q22: =S22/1.08 -> 1500000 | R22: =S22-Q22 -> 120000 | S22: 1620000 | T22: 3538 | U22: 16/01/2026 | V22: CÔNG TY CỔ PHẦN VSC GREEN LOGISTICS | AC22: =H22+M22+S22+Y22 -> 3686000 | AE22: Lấy HPH - TS EX - Hạ HPH Disconnect | AF22: GIC | AG22: GIC | AI22: =VLOOKUP(D22,'web CSHT'!$J$4:$Q$170000,5,0) -> 614521 | AJ22: =VLOOKUP(D22,'web CSHT'!$J$4:$Q$170000,8,0) -> 500 | AK22: EMCU8313605 | AL22: =EXACT(G22,AK22) -> TRUE
A23: =ROW()-21 -> 2 | B23: 46038 | C23: HPH26A00675 | D23: =VLOOKUP(G23,[1]Sheet1!$I$1:$Q$180000,9,0) -> 308158323820 | E23: 40HC | F23: VF-26/50009 | G23: NSSU7171637 | H23: 500000 | I23: =$AI$1&AI23 -> 0615587 | J23: =VLOOKUP(D23,'web CSHT'!$J$4:$Q$110000,6,0) -> 46041 | K23: =M23/1.08 -> 1450000 | L23: =M23-K23 -> 116000 | M23: 1566000 | N23: 3608 | O23: 16/01/2026 | P23: CÔNG TY CỔ PHẦN VSC GREEN LOGISTICS | Q23: =S23/1.08 -> 1640000 | R23: =S23-Q23 -> 131200 | S23: 1771200 | T23: 7033 | U23: 17/01/2026 | V23: CÔNG TY CỔ PHẦN CẢNG XANH VIP | AC23: =H23+M23+S23+Y23 -> 3837200 | AE23: Lấy HPH - TS EX - Hạ HPH Connect | AF23: GIC | AG23: VIP GREEN PORT | AI23: =VLOOKUP(D23,'web CSHT'!$J$4:$Q$170000,5,0) -> 615587 | AJ23: =VLOOKUP(D23,'web CSHT'!$J$4:$Q$170000,8,0) -> 500 | AK23: NSSU7171637 | AL23: =EXACT(G23,AK23) -> TRUE
A24: =ROW()-21 -> 3 | B24: 46038 | C24: 237500707611 | D24: =VLOOKUP(G24,[1]Sheet1!$I$1:$Q$180000,9,0) -> 308158430550 | E24: 40HC | F24: VS-26/50065 | G24: BMOU6012145 | H24: 500000 | I24: =$AI$1&AI24 -> 0614527 | J24: =VLOOKUP(D24,'web CSHT'!$J$4:$Q$110000,6,0) -> 46039 | K24: =M24/1.08 -> 1450000 | L24: =M24-K24 -> 116000 | M24: 1566000 | N24: 3572 | O24: 16/01/2026 | P24: CÔNG TY CỔ PHẦN VSC GREEN LOGISTICS | Q24: =S24/1.08 -> 1500000 | R24: =S24-Q24 -> 120000 | S24: 1620000 | T24: 3840 | U24: 17/01/2026 | V24: CÔNG TY CỔ PHẦN VSC GREEN LOGISTICS | AC24: =H24+M24+S24+Y24 -> 3686000 | AE24: Lấy HPH - TS EX - Hạ HPH Disconnect | AF24: GIC | AG24: GIC | AI24: =VLOOKUP(D24,'web CSHT'!$J$4:$Q$170000,5,0) -> 614527 | AJ24: =VLOOKUP(D24,'web CSHT'!$J$4:$Q$170000,8,0) -> 500 | AK24: BMOU6012145 | AL24: =EXACT(G24,AK24) -> TRUE
A25: =ROW()-21 -> 4 | B25: 46038 | C25: 237500707611 | D25: =VLOOKUP(G25,[1]Sheet1!$I$1:$Q$180000,9,0) -> 308158509650 | E25: 40HC | F25: VS-26/50067 | G25: EGSU9553960 | H25: 500000 | I25: =$AI$1&AI25 -> 0614522 | J25: =VLOOKUP(D25,'web CSHT'!$J$4:$Q$110000,6,0) -> 46039 | K25: =M25/1.08 -> 1450000 | L25: =M25-K25 -> 116000 | M25: 1566000 | N25: 3716 | O25: 16/01/2026 | P25: CÔNG TY CỔ PHẦN VSC GREEN LOGISTICS | Q25: =S25/1.08 -> 1500000 | R25: =S25-Q25 -> 120000 | S25: 1620000 | T25: 3860 | U25: 17/01/2026 | V25: CÔNG TY CỔ PHẦN VSC GREEN LOGISTICS | AC25: =H25+M25+S25+Y25 -> 3686000 | AE25: Lấy HPH - TS EX - Hạ HPH Connect | AF25: GIC | AG25: GIC | AI25: =VLOOKUP(D25,'web CSHT'!$J$4:$Q$170000,5,0) -> 614522 | AJ25: =VLOOKUP(D25,'web CSHT'!$J$4:$Q$170000,8,0) -> 500 | AK25: EGSU9553960 | AL25: =EXACT(G25,AK25) -> TRUE
A26: =ROW()-21 -> 5 | B26: 46038 | C26: SGN2987352 | D26: =VLOOKUP(G26,[1]Sheet1!$I$1:$Q$180000,9,0) -> 308158360000 | E26: 40HC | F26: VH-26/50087 | G26: TRHU5424799 | H26: 500000 | I26: =$AI$1&AI26 -> 0615579 | J26: =VLOOKUP(D26,'web CSHT'!$J$4:$Q$110000,6,0) -> 46041 | P26: X | V26: X | AC26: =H26+M26+S26+Y26 -> 500000 | AE26: Lấy Hưng Yên - RU TS EX - Hạ HPH | AF26: RU HY | AG26: TÂN VŨ | AI26: =VLOOKUP(D26,'web CSHT'!$J$4:$Q$170000,5,0) -> 615579 | AJ26: =VLOOKUP(D26,'web CSHT'!$J$4:$Q$170000,8,0) -> 500 | AK26: TRHU5424799 | AL26: =EXACT(G26,AK26) -> TRUE
A27: =ROW()-21 -> 6 | B27: 46038 | C27: SGN2991014 | D27: =VLOOKUP(G27,[1]Sheet1!$I$1:$Q$180000,9,0) -> 308158391130 | E27: 40HC | F27: VH-26/50089 | G27: TCNU7535165 | H27: 500000 | I27: =$AI$1&AI27 -> 0615554 | J27: =VLOOKUP(D27,'web CSHT'!$J$4:$Q$110000,6,0) -> 46041 | P27: X | V27: X | AC27: =H27+M27+S27+Y27 -> 500000 | AE27: Lấy Hưng Yên - RU TS EX - Hạ HPH | AF27: RU HY | AG27: TÂN VŨ | AI27: =VLOOKUP(D27,'web CSHT'!$J$4:$Q$170000,5,0) -> 615554 | AJ27: =VLOOKUP(D27,'web CSHT'!$J$4:$Q$170000,8,0) -> 500 | AK27: TCNU7535165 | AL27: =EXACT(G27,AK27) -> TRUE
A28: =ROW()-21 -> 7 | B28: 46041 | C28: BHAIC26000188 | D28: =VLOOKUP(G28,[1]Sheet1!$I$1:$Q$180000,9,0) -> 308163768160 | E28: 40HC | F28: VS-26/50079 | G28: REGU5201120 | H28: 500000 | I28: =$AI$1&AI28 -> 0617703 | J28: =VLOOKUP(D28,'web CSHT'!$J$4:$Q$110000,6,0) -> 46042 | K28: =M28/1.08 -> 1500000 | L28: =M28-K28 -> 120000 | M28: 1620000 | N28: 710 | O28: 18/01/2026 | P28: CÔNG TY CỔ PHẦN ICD NAM HẢI | Q28: =S28/1.08 -> 1640000 | R28: =S28-Q28 -> 131200 | S28: 1771200 | T28: 741 | U28: 19/01/2026 | V28: CÔNG TY CỔ PHẦN ICD NAM HẢI | AC28: =H28+M28+S28+Y28 -> 3891200 | AE28: Lấy HPH - TS EX - Hạ HPH Connect | AF28: NAM HẢI ICD | AG28: NAM HẢI ICD | AI28: =VLOOKUP(D28,'web CSHT'!$J$4:$Q$170000,5,0) -> 617703 | AJ28: =VLOOKUP(D28,'web CSHT'!$J$4:$Q$170000,8,0) -> 500 | AK28: REGU5201120 | AL28: =EXACT(G28,AK28) -> TRUE
A29: =ROW()-21 -> 8 | B29: 46041 | C29: 6438798511 | D29: =VLOOKUP(G29,[1]Sheet1!$I$1:$Q$180000,9,0) -> 308163870250 | E29: 40HC | F29: VS-26/50074 | G29: TIIU5347234 | H29: 500000 | I29: =$AI$1&AI29 -> 0617710 | J29: =VLOOKUP(D29,'web CSHT'!$J$4:$Q$110000,6,0) -> 46042 | P29: X | V29: X | AC29: =H29+M29+S29+Y29 -> 500000 | AE29: Lấy HPH - TS IM - RU TS EX - Hạ HPH | AF29: RU CTS | AG29: TÂN VŨ | AI29: =VLOOKUP(D29,'web CSHT'!$J$4:$Q$170000,5,0) -> 617710 | AJ29: =VLOOKUP(D29,'web CSHT'!$J$4:$Q$170000,8,0) -> 500 | AK29: TIIU5347234 | AL29: =EXACT(G29,AK29) -> TRUE
A30: =ROW()-21 -> 9 | B30: 46042 | C30: 6438798511 | D30: =VLOOKUP(G30,[1]Sheet1!$I$1:$Q$180000,9,0) -> 308169652730 | E30: 40HC | F30: VS-26/50089 | G30: CSNU8639981 | H30: 500000 | I30: =$AI$1&AI30 -> 0622642 | J30: =VLOOKUP(D30,'web CSHT'!$J$4:$Q$110000,6,0) -> 46045 | P30: X | V30: X | AC30: =H30+M30+S30+Y30 -> 500000 | AE30: Lấy Hưng Yên - RU TS EX - Hạ HPH | AF30: RU HY | AG30: TÂN VŨ | AI30: =VLOOKUP(D30,'web CSHT'!$J$4:$Q$170000,5,0) -> 622642 | AJ30: =VLOOKUP(D30,'web CSHT'!$J$4:$Q$170000,8,0) -> 500 | AK30: CSNU8639981 | AL30: =EXACT(G30,AK30) -> TRUE
A31: =ROW()-21 -> 10 | B31: 46043 | C31: 237600063367 | D31: 308173905600 | E31: 20DC | F31: VH-26/50108 | G31: EITU3162502 | H31: 250000 | I31: =$AI$1&AI31 -> 0634457 | J31: =VLOOKUP(D31,'web CSHT'!$J$4:$Q$110000,6,0) -> 46052 | K31: =M31/1.08 -> 1000000 | L31: =M31-K31 -> 80000 | M31: 1080000 | N31: 8036 | O31: 46042 | P31: CÔNG TY CỔ PHẦN THT E-LOGISTICS | Q31: =S31/1.08 -> 1150000 | R31: =S31-Q31 -> 92000 | S31: 1242000 | T31: 4755 | U31: 46043 | V31: CÔNG TY CỔ PHẦN VSC GREEN LOGISTICS | W31: 18519 | X31: =Y31-W31 -> 1481 | Y31: 20000 | Z31: 25395 | AA31: 46042 | AB31: CÔNG TY CỔ PHẦN ỨNG DỤNG CÔNG NGHỆ LOGISTICS | AC31: =H31+M31+S31+Y31 -> 2592000 | AE31: Lấy HPH - TS EX - Hạ HPH Disconnect | AF31: CHÂN THẬT | AG31: GIC | AI31: =VLOOKUP(D31,'web CSHT'!$J$4:$Q$170000,5,0) -> 634457 | AJ31: =VLOOKUP(D31,'web CSHT'!$J$4:$Q$170000,8,0) -> 250 | AK31: EITU3162502 | AL31: =EXACT(G31,AK31) -> TRUE
A32: =ROW()-21 -> 11 | B32: 46045 | C32: 237500733123 | D32: =VLOOKUP(G32,[1]Sheet1!$I$1:$Q$180000,9,0) -> 308182232540 | E32: 40HC | F32: VH-26/50120 | G32: EGSU6484249 | H32: 500000 | I32: =$AI$1&AI32 -> 0629727 | J32: =VLOOKUP(D32,'web CSHT'!$J$4:$Q$110000,6,0) -> 46050 | K32: =M32/1.08 -> 1450000 | L32: =M32-K32 -> 116000 | M32: 1566000 | N32: 5223 | O32: 23/01/2026 | P32: CÔNG TY CỔ PHẦN VSC GREEN LOGISTICS | Q32: =S32/1.08 -> 1500000 | R32: =S32-Q32 -> 120000 | S32: 1620000 | T32: 6102 | U32: 28/01/2026 | V32: CÔNG TY CỔ PHẦN VSC GREEN LOGISTICS | AC32: =H32+M32+S32+Y32 -> 3686000 | AE32: Lấy HPH - TS EX - Hạ HPH Disconnect | AF32: GIC | AG32: GIC | AI32: =VLOOKUP(D32,'web CSHT'!$J$4:$Q$170000,5,0) -> 629727 | AJ32: =VLOOKUP(D32,'web CSHT'!$J$4:$Q$170000,8,0) -> 500 | AK32: EGSU6484249 | AL32: =EXACT(G32,AK32) -> TRUE
A33: =ROW()-21 -> 12 | B33: 46045 | C33: 237500736122 | D33: =VLOOKUP(G33,[1]Sheet1!$I$1:$Q$180000,9,0) -> 308181125140 | E33: 40HC | F33: VS-26/50113 | G33: TGBU6583045 | H33: 500000 | I33: =$AI$1&AI33 -> 0626254 | J33: =VLOOKUP(D33,'web CSHT'!$J$4:$Q$110000,6,0) -> 46048 | K33: =M33/1.08 -> 1500000 | L33: =M33-K33 -> 120000 | M33: 1620000 | N33: 22815 | O33: 26/01/2026 | P33: CÔNG TY CỔ PHẦN GREATING FORTUNE CONTAINER VIỆT NAM | Q33: =S33/1.08 -> 1500000 | R33: =S33-Q33 -> 120000 | S33: 1620000 | T33: 5383 | U33: 24/01/2026 | V33: CÔNG TY CỔ PHẦN VSC GREEN LOGISTICS | AC33: =H33+M33+S33+Y33 -> 3740000 | AE33: Lấy HPH - TS EX - Hạ HPH Connect | AF33: GFORTUNE | AG33: GIC | AI33: =VLOOKUP(D33,'web CSHT'!$J$4:$Q$170000,5,0) -> 626254 | AJ33: =VLOOKUP(D33,'web CSHT'!$J$4:$Q$170000,8,0) -> 500 | AK33: TGBU6583045 | AL33: =EXACT(G33,AK33) -> TRUE
A34: =ROW()-21 -> 13 | B34: 46045 | C34: 237500737447 | D34: =VLOOKUP(G34,[1]Sheet1!$I$1:$Q$180000,9,0) -> 308182479050 | E34: 40HC | F34: VS-26/50107 | G34: EGHU9330270 | H34: 500000 | I34: =$AI$1&AI34 -> 0626251 | J34: =VLOOKUP(D34,'web CSHT'!$J$4:$Q$110000,6,0) -> 46048 | K34: =M34/1.08 -> 1500000 | L34: =M34-K34 -> 120000 | M34: 1620000 | N34: 22837 | O34: 26/01/2026 | P34: CÔNG TY CỔ PHẦN GREATING FORTUNE CONTAINER VIỆT NAM | Q34: =S34/1.08 -> 1500000 | R34: =S34-Q34 -> 120000 | S34: 1620000 | T34: 5354 | U34: 24/01/2026 | V34: CÔNG TY CỔ PHẦN VSC GREEN LOGISTICS | AC34: =H34+M34+S34+Y34 -> 3740000 | AE34: Lấy HPH - TS EX - Hạ HPH Disconnect | AF34: GFORTUNE | AG34: GIC | AI34: =VLOOKUP(D34,'web CSHT'!$J$4:$Q$170000,5,0) -> 626251 | AJ34: =VLOOKUP(D34,'web CSHT'!$J$4:$Q$170000,8,0) -> 500 | AK34: EGHU9330270 | AL34: =EXACT(G34,AK34) -> TRUE
A35: =ROW()-21 -> 14 | B35: 46046 | C35: 237500737447 | D35: =VLOOKUP(G35,[1]Sheet1!$I$1:$Q$180000,9,0) -> 308184601230 | E35: 40HC | F35: VS-26/50115 | G35: TIIU5457859 | H35: 500000 | I35: =$AI$1&AI35 -> 0626274 | J35: =VLOOKUP(D35,'web CSHT'!$J$4:$Q$110000,6,0) -> 46048 | K35: =M35/1.08 -> 1500000 | L35: =M35-K35 -> 120000 | M35: 1620000 | N35: 22906 | O35: 26/01/2026 | P35: CÔNG TY CỔ PHẦN GREATING FORTUNE CONTAINER VIỆT NAM | Q35: =S35/1.08 -> 1500000 | R35: =S35-Q35 -> 120000 | S35: 1620000 | T35: 5605 | U35: 46048 | V35: CÔNG TY CỔ PHẦN VSC GREEN LOGISTICS | AC35: =H35+M35+S35+Y35 -> 3740000 | AE35: Lấy HPH - TS EX - Hạ HPH Disconnect | AF35: GFORTUNE | AG35: GIC | AI35: =VLOOKUP(D35,'web CSHT'!$J$4:$Q$170000,5,0) -> 626274 | AJ35: =VLOOKUP(D35,'web CSHT'!$J$4:$Q$170000,8,0) -> 500 | AK35: TIIU5457859 | AL35: =EXACT(G35,AK35) -> TRUE
A36: =ROW()-21 -> 15 | B36: 46046 | C36: 237500736122 | D36: =VLOOKUP(G36,[1]Sheet1!$I$1:$Q$180000,9,0) -> 308184642050 | E36: 40HC | F36: VS-26/50112 | G36: FFAU1594240 | H36: 500000 | I36: =$AI$1&AI36 -> 0626268 | J36: =VLOOKUP(D36,'web CSHT'!$J$4:$Q$110000,6,0) -> 46048 | K36: =M36/1.08 -> 1500000 | L36: =M36-K36 -> 120000 | M36: 1620000 | N36: 22900 | O36: 26/01/2026 | P36: CÔNG TY CỔ PHẦN GREATING FORTUNE CONTAINER VIỆT NAM | Q36: =S36/1.08 -> 1500000 | R36: =S36-Q36 -> 120000 | S36: 1620000 | T36: 5444 | U36: 24/01/2026 | V36: CÔNG TY CỔ PHẦN VSC GREEN LOGISTICS | AC36: =H36+M36+S36+Y36 -> 3740000 | AE36: Lấy HPH - TS EX - Hạ HPH Disconnect | AF36: GFORTUNE | AG36: GIC | AI36: =VLOOKUP(D36,'web CSHT'!$J$4:$Q$170000,5,0) -> 626268 | AJ36: =VLOOKUP(D36,'web CSHT'!$J$4:$Q$170000,8,0) -> 500 | AK36: FFAU1594240 | AL36: =EXACT(G36,AK36) -> TRUE
A37: =ROW()-21 -> 16 | B37: 46046 | C37: 237500733123 | D37: =VLOOKUP(G37,[1]Sheet1!$I$1:$Q$180000,9,0) -> 308184728520 | E37: 40HC | F37: VH-26/50128 | G37: EGSU6484172 | H37: 500000 | I37: =$AI$1&AI37 -> 0626275 | J37: =VLOOKUP(D37,'web CSHT'!$J$4:$Q$110000,6,0) -> 46048 | K37: =M37/1.08 -> 1450000 | L37: =M37-K37 -> 116000 | M37: 1566000 | N37: 5425 | O37: 24/01/2026 | P37: CÔNG TY CỔ PHẦN VSC GREEN LOGISTICS | Q37: =S37/1.08 -> 1500000 | R37: =S37-Q37 -> 120000 | S37: 1620000 | T37: 5492 | U37: 25/01/2026 | V37: CÔNG TY CỔ PHẦN VSC GREEN LOGISTICS | AC37: =H37+M37+S37+Y37 -> 3686000 | AE37: Lấy HPH - TS EX - Hạ HPH Connect | AF37: GIC | AG37: GIC | AI37: =VLOOKUP(D37,'web CSHT'!$J$4:$Q$170000,5,0) -> 626275 | AJ37: =VLOOKUP(D37,'web CSHT'!$J$4:$Q$170000,8,0) -> 500 | AK37: EGSU6484172 | AL37: =EXACT(G37,AK37) -> TRUE
A38: =ROW()-21 -> 17 | B38: 46046 | C38: 237500733123 | D38: =VLOOKUP(G38,[1]Sheet1!$I$1:$Q$180000,9,0) -> 308184527510 | E38: 40HC | F38: VH-26/50129 | G38: EGSU6489718 | H38: 500000 | I38: =$AI$1&AI38 -> 0626264 | J38: =VLOOKUP(D38,'web CSHT'!$J$4:$Q$110000,6,0) -> 46048 | K38: =M38/1.08 -> 1450000 | L38: =M38-K38 -> 116000 | M38: 1566000 | N38: 5401 | O38: 24/01/2026 | P38: CÔNG TY CỔ PHẦN VSC GREEN LOGISTICS | Q38: =S38/1.08 -> 1500000 | R38: =S38-Q38 -> 120000 | S38: 1620000 | T38: 5631 | U38: 26/01/2026 | V38: CÔNG TY CỔ PHẦN VSC GREEN LOGISTICS | AC38: =H38+M38+S38+Y38 -> 3686000 | AE38: Lấy HPH - TS EX - Hạ HPH Connect | AF38: GIC | AG38: GIC | AI38: =VLOOKUP(D38,'web CSHT'!$J$4:$Q$170000,5,0) -> 626264 | AJ38: =VLOOKUP(D38,'web CSHT'!$J$4:$Q$170000,8,0) -> 500 | AK38: EGSU6489718 | AL38: =EXACT(G38,AK38) -> TRUE
A39: =ROW()-21 -> 18 | B39: 46048 | C39: 237500736122 | D39: =VLOOKUP(G39,[1]Sheet1!$I$1:$Q$180000,9,0) -> 308188076360 | E39: 40HC | F39: VH-26/50138 | G39: EGHU9777247 | H39: 500000 | I39: =$AI$1&AI39 -> 0629721 | J39: =VLOOKUP(D39,'web CSHT'!$J$4:$Q$110000,6,0) -> 46050 | K39: =M39/1.08 -> 1500000 | L39: =M39-K39 -> 120000 | M39: 1620000 | N39: 24372 | O39: 27/01/2026 | P39: CÔNG TY CỔ PHẦN GREATING FORTUNE CONTAINER VIỆT NAM | Q39: =S39/1.08 -> 1500000 | R39: =S39-Q39 -> 120000 | S39: 1620000 | T39: 5921 | U39: 27/01/2026 | V39: CÔNG TY CỔ PHẦN VSC GREEN LOGISTICS | AC39: =H39+M39+S39+Y39 -> 3740000 | AE39: Lấy HPH - TS EX - Hạ HPH Disconnect | AF39: GFORTUNE | AG39: GIC | AI39: =VLOOKUP(D39,'web CSHT'!$J$4:$Q$170000,5,0) -> 629721 | AJ39: =VLOOKUP(D39,'web CSHT'!$J$4:$Q$170000,8,0) -> 500 | AK39: EGHU9777247 | AL39: =EXACT(G39,AK39) -> TRUE
A40: =ROW()-21 -> 19 | B40: 46048 | C40: HANA57597700 | D40: =VLOOKUP(G40,[1]Sheet1!$I$1:$Q$180000,9,0) -> 308188091320 | E40: 40HC | F40: VS-26/50105 | G40: HMMU7026820 | H40: 500000 | I40: =$AI$1&AI40 -> 0632025 | J40: =VLOOKUP(D40,'web CSHT'!$J$4:$Q$110000,6,0) -> 46051 | K40: =M40/1.08 -> 1500000 | L40: =M40-K40 -> 120000 | M40: 1620000 | N40: 4627 | O40: 26/01/2026 | P40: CÔNG TY CỔ PHẦN TÂN CẢNG 128 - HẢI PHÒNG | Q40: 1435185 | R40: =S40-Q40 -> 114815 | S40: 1550000 | T40: 4750 | U40: 28/01/2026 | V40: CÔNG TY TNHH HÀ HƯNG HẢI | AC40: =H40+M40+S40+Y40 -> 3670000 | AE40: Lấy HPH - TS EX - Hạ HPH Disconnect | AF40: TÂN CẢNG 128 | AG40: HÀ HƯNG HẢI | AI40: =VLOOKUP(D40,'web CSHT'!$J$4:$Q$170000,5,0) -> 632025 | AJ40: =VLOOKUP(D40,'web CSHT'!$J$4:$Q$170000,8,0) -> 500 | AK40: HMMU7026820 | AL40: =EXACT(G40,AK40) -> TRUE
A41: =ROW()-21 -> 20 | B41: 46049 | C41: 237500733123 | D41: =VLOOKUP(G41,[1]Sheet1!$I$1:$Q$180000,9,0) -> 308193111610 | E41: 40HC | F41: VH-26/50144 | G41: GCXU6443400 | H41: 500000 | I41: =$AI$1&AI41 -> 0629728 | J41: =VLOOKUP(D41,'web CSHT'!$J$4:$Q$110000,6,0) -> 46050 | K41: =M41/1.08 -> 1450000 | L41: =M41-K41 -> 116000 | M41: 1566000 | N41: 6036 | O41: 27/01/2026 | P41: CÔNG TY CỔ PHẦN VSC GREEN LOGISTICS | Q41: =S41/1.08 -> 1500000 | R41: =S41-Q41 -> 120000 | S41: 1620000 | T41: 6232 | U41: 28/01/2026 | V41: CÔNG TY CỔ PHẦN VSC GREEN LOGISTICS | AC41: =H41+M41+S41+Y41 -> 3686000 | AE41: Lấy HPH - TS EX - Hạ HPH Disconnect | AF41: GIC | AG41: GIC | AI41: =VLOOKUP(D41,'web CSHT'!$J$4:$Q$170000,5,0) -> 629728 | AJ41: =VLOOKUP(D41,'web CSHT'!$J$4:$Q$170000,8,0) -> 500 | AK41: GCXU6443400 | AL41: =EXACT(G41,AK41) -> TRUE
A42: =ROW()-21 -> 21 | B42: 46051 | C42: 237600097369 | D42: =VLOOKUP(G42,[1]Sheet1!$I$1:$Q$180000,9,0) -> 308202099500 | E42: 40HC | F42: VH-26/50156 | G42: EGSU1600794 | H42: 500000 | I42: =$AI$1&AI42 -> 0634467 | J42: =VLOOKUP(D42,'web CSHT'!$J$4:$Q$110000,6,0) -> 46052 | K42: 1388889 | L42: =M42-K42 -> 111111 | M42: 1500000 | N42: 20853 | O42: 02/02/2026 | P42: CÔNG TY CỔ PHẦN ĐẦU TƯ SAO Á D.C | Q42: =S42/1.08 -> 1500000 | R42: =S42-Q42 -> 120000 | S42: 1620000 | T42: 6766 | U42: 30/01/2026 | V42: CÔNG TY CỔ PHẦN VSC GREEN LOGISTICS | AC42: =H42+M42+S42+Y42 -> 3620000 | AE42: Lấy HPH - TS EX - Hạ HPH Connect | AF42: SAO Á | AG42: GIC | AI42: =VLOOKUP(D42,'web CSHT'!$J$4:$Q$170000,5,0) -> 634467 | AJ42: =VLOOKUP(D42,'web CSHT'!$J$4:$Q$170000,8,0) -> 500 | AK42: EGSU1600794 | AL42: =EXACT(G42,AK42) -> TRUE
A43: =ROW()-21 -> 22 | B43: 46051 | C43: 237600056956 | D43: =VLOOKUP(G43,[1]Sheet1!$I$1:$Q$180000,9,0) -> 308202123520 | E43: 40HC | F43: VS-26/50138 | G43: TLLU7977255 | H43: 500000 | I43: =$AI$1&AI43 -> 0634473 | J43: =VLOOKUP(D43,'web CSHT'!$J$4:$Q$110000,6,0) -> 46052 | K43: =M43/1.08 -> 1500000 | L43: =M43-K43 -> 120000 | M43: 1620000 | N43: 29387 | O43: 31/01/2026 | P43: CÔNG TY CỔ PHẦN GREATING FORTUNE CONTAINER VIỆT NAM | Q43: =S43/1.08 -> 1500000 | R43: =S43-Q43 -> 120000 | S43: 1620000 | T43: 6813 | U43: 30/01/2026 | V43: CÔNG TY CỔ PHẦN VSC GREEN LOGISTICS | AC43: =H43+M43+S43+Y43 -> 3740000 | AE43: Lấy HPH - TS EX - Hạ HPH Connect | AF43: GFORTUNE | AG43: GIC | AI43: =VLOOKUP(D43,'web CSHT'!$J$4:$Q$170000,5,0) -> 634473 | AJ43: =VLOOKUP(D43,'web CSHT'!$J$4:$Q$170000,8,0) -> 500 | AK43: TLLU7977255 | AL43: =EXACT(G43,AK43) -> TRUE
A44: =ROW()-21 -> 23 | B44: 46051 | C44: SGN3036238 | D44: 308202052820 | E44: 40HC | F44: VH-26/50157 | G44: CMAU7489161 | H44: 500000 | I44: =$AI$1&AI44 -> 0634466 | J44: =VLOOKUP(D44,'web CSHT'!$J$4:$Q$110000,6,0) -> 46052 | P44: X | V44: X | AC44: =H44+M44+S44+Y44 -> 500000 | AE44: Lấy Hưng Yên - RU TS EX - Hạ HPH | AF44: RU HY | AG44: TÂN VŨ | AI44: =VLOOKUP(D44,'web CSHT'!$J$4:$Q$170000,5,0) -> 634466 | AJ44: =VLOOKUP(D44,'web CSHT'!$J$4:$Q$170000,8,0) -> 500 | AK44: CMAU7489161 | AL44: =EXACT(G44,AK44) -> TRUE
A45: =ROW()-21 -> 24 | B45: 46052 | C45: 237500724574 | D45: =VLOOKUP(G45,[1]Sheet1!$I$1:$Q$180000,9,0) -> 308206863110 | E45: 40HC | F45: VH-26/50160 | G45: TGBU7742141 | H45: 500000 | I45: =$AI$1&AI45 -> 0635720 | J45: =VLOOKUP(D45,'web CSHT'!$J$4:$Q$110000,6,0) -> 46053 | K45: 1388889 | L45: =M45-K45 -> 111111 | M45: 1500000 | N45: 20857 | O45: 46055 | P45: CÔNG TY CỔ PHẦN ĐẦU TƯ SAO Á D.C | Q45: =S45/1.08 -> 1500000 | R45: =S45-Q45 -> 120000 | S45: 1620000 | T45: 6950 | U45: 30/01/2026 | V45: CÔNG TY CỔ PHẦN VSC GREEN LOGISTICS | AC45: =H45+M45+S45+Y45 -> 3620000 | AE45: Lấy HPH - TS EX - Hạ HPH Connect | AF45: SAO Á | AG45: GIC | AI45: =VLOOKUP(D45,'web CSHT'!$J$4:$Q$170000,5,0) -> 635720 | AJ45: =VLOOKUP(D45,'web CSHT'!$J$4:$Q$170000,8,0) -> 500 | AK45: TGBU7742141 | AL45: =EXACT(G45,AK45) -> TRUE
A46: =ROW()-21 -> 25 | B46: 46052 | C46: 237500724574 | D46: =VLOOKUP(G46,[1]Sheet1!$I$1:$Q$180000,9,0) -> 308206869740 | E46: 40HC | F46: VH-26/50161 | G46: EGSU6255047 | H46: 500000 | I46: =$AI$1&AI46 -> 0635737 | J46: =VLOOKUP(D46,'web CSHT'!$J$4:$Q$110000,6,0) -> 46053 | K46: 1388889 | L46: =M46-K46 -> 111111 | M46: 1500000 | N46: 20856 | O46: 46055 | P46: CÔNG TY CỔ PHẦN ĐẦU TƯ SAO Á D.C | Q46: =S46/1.08 -> 1500000 | R46: =S46-Q46 -> 120000 | S46: 1620000 | T46: 6989 | U46: 31/01/2026 | V46: CÔNG TY CỔ PHẦN VSC GREEN LOGISTICS | AC46: =H46+M46+S46+Y46 -> 3620000 | AE46: Lấy HPH - TS EX - Hạ HPH Connect | AF46: SAO Á | AG46: GIC | AI46: =VLOOKUP(D46,'web CSHT'!$J$4:$Q$170000,5,0) -> 635737 | AJ46: =VLOOKUP(D46,'web CSHT'!$J$4:$Q$170000,8,0) -> 500 | AK46: EGSU6255047 | AL46: =EXACT(G46,AK46) -> TRUE
A47: =ROW()-21 -> 26 | B47: 46052 | C47: 6441249510 | D47: =VLOOKUP(G47,[1]Sheet1!$I$1:$Q$180000,9,0) -> 308208412320 | E47: 40HC | F47: VS-26/50143 | G47: TGBU4372613 | H47: 500000 | I47: =$AI$1&AI47 -> 0636896 | J47: =VLOOKUP(D47,'web CSHT'!$J$4:$Q$110000,6,0) -> 46055 | P47: X | V47: X | AC47: =H47+M47+S47+Y47 -> 500000 | AE47: Lấy Hưng Yên - RU TS EX - Hạ HPH | AF47: RU HY | AG47: TÂN VŨ | AI47: =VLOOKUP(D47,'web CSHT'!$J$4:$Q$170000,5,0) -> 636896 | AJ47: =VLOOKUP(D47,'web CSHT'!$J$4:$Q$170000,8,0) -> 500 | AK47: TGBU4372613 | AL47: =EXACT(G47,AK47) -> TRUE
A48: =ROW()-21 -> 27 | B48: 46055 | C48: 7266235620 | D48: =VLOOKUP(G48,[1]Sheet1!$I$1:$Q$180000,9,0) -> 308214663320 | E48: 40HC | F48: VS-26/50154 | G48: OOCU9677689 | H48: 500000 | I48: =$AI$1&AI48 -> 0642047 | J48: =VLOOKUP(D48,'web CSHT'!$J$4:$Q$110000,6,0) -> 46058 | P48: X | Q48: 1555556 | R48: =S48-Q48 -> 124444 | S48: 1680000 | T48: 34033 | U48: 05/02/2026 | V48: CÔNG TY CỔ PHẦN GREATING FORTUNE CONTAINER VIỆT NAM | AC48: =H48+M48+S48+Y48 -> 2180000 | AE48: Lấy Hưng Yên - RU TS EX - Hạ HPH | AF48: RU HY | AG48: Grand Forward | AI48: =VLOOKUP(D48,'web CSHT'!$J$4:$Q$170000,5,0) -> 642047 | AJ48: =VLOOKUP(D48,'web CSHT'!$J$4:$Q$170000,8,0) -> 500 | AK48: OOCU9677689 | AL48: =EXACT(G48,AK48) -> TRUE
A49: =ROW()-21 -> 28 | B49: 46055 | C49: 6441249510 | D49: =VLOOKUP(G49,[1]Sheet1!$I$1:$Q$180000,9,0) -> 308214660520 | E49: 40HC | F49: VS-26/50148 | G49: OOCU9724332 | H49: 500000 | I49: =$AI$1&AI49 -> 0642056 | J49: =VLOOKUP(D49,'web CSHT'!$J$4:$Q$110000,6,0) -> 46058 | P49: X | V49: X | AC49: =H49+M49+S49+Y49 -> 500000 | AE49: Lấy Hưng Yên - RU TS EX - Hạ HPH | AF49: RU HY | AG49: TÂN VŨ | AI49: =VLOOKUP(D49,'web CSHT'!$J$4:$Q$170000,5,0) -> 642056 | AJ49: =VLOOKUP(D49,'web CSHT'!$J$4:$Q$170000,8,0) -> 500 | AK49: OOCU9724332 | AL49: =EXACT(G49,AK49) -> TRUE
A50: =ROW()-21 -> 29 | B50: 46056 | C50: 6443474480 | D50: =VLOOKUP(G50,[1]Sheet1!$I$1:$Q$180000,9,0) -> 308219883920 | E50: 40HC | F50: VH-26/50168 | G50: OOLU9182201 | H50: 500000 | I50: =$AI$1&AI50 -> 0642045 | J50: =VLOOKUP(D50,'web CSHT'!$J$4:$Q$110000,6,0) -> 46058 | P50: X | Q50: 1555556 | R50: =S50-Q50 -> 124444 | S50: 1680000 | T50: 34009 | U50: 46058 | V50: CÔNG TY CỔ PHẦN GREATING FORTUNE CONTAINER VIỆT NAM | AC50: =H50+M50+S50+Y50 -> 2180000 | AE50: Lấy Hưng Yên - RU TS EX - Hạ HPH | AF50: RU HY | AG50: Grand Forward | AI50: =VLOOKUP(D50,'web CSHT'!$J$4:$Q$170000,5,0) -> 642045 | AJ50: =VLOOKUP(D50,'web CSHT'!$J$4:$Q$170000,8,0) -> 500 | AK50: OOLU9182201 | AL50: =EXACT(G50,AK50) -> TRUE
A51: =ROW()-21 -> 30 | B51: 46056 | C51: 6443474480 | D51: =VLOOKUP(G51,[1]Sheet1!$I$1:$Q$180000,9,0) -> 308219852530 | E51: 40HC | F51: VH-26/50167 | G51: TCNU4314670 | H51: 500000 | I51: =$AI$1&AI51 -> 0642053 | J51: =VLOOKUP(D51,'web CSHT'!$J$4:$Q$110000,6,0) -> 46058 | P51: X | Q51: 1555556 | R51: =S51-Q51 -> 124444 | S51: 1680000 | T51: 35963 | U51: 06/02/2026 | V51: CÔNG TY CỔ PHẦN GREATING FORTUNE CONTAINER VIỆT NAM | AC51: =H51+M51+S51+Y51 -> 2180000 | AE51: Lấy Hưng Yên - RU TS EX - Hạ HPH | AF51: RU HY | AG51: Grand Forward | AI51: =VLOOKUP(D51,'web CSHT'!$J$4:$Q$170000,5,0) -> 642053 | AJ51: =VLOOKUP(D51,'web CSHT'!$J$4:$Q$170000,8,0) -> 500 | AK51: TCNU4314670 | AL51: =EXACT(G51,AK51) -> TRUE
A52: =ROW()-21 -> 31 | B52: 46056 | C52: ONEYHANG07483500 | D52: =VLOOKUP(G52,[1]Sheet1!$I$1:$Q$180000,9,0) -> 308219818820 | E52: 20DC | F52: VS-26/50164 | G52: ONEU2350452 | H52: 250000 | I52: =$AI$1&AI52 -> 0642048 | J52: =VLOOKUP(D52,'web CSHT'!$J$4:$Q$110000,6,0) -> 46058 | K52: 925926 | L52: =M52-K52 -> 74074 | M52: 1000000 | N52: 27229 | O52: 46064 | P52: CÔNG TY CỔ PHẦN ĐẦU TƯ SAO Á D.C | Q52: =S52/1.08 -> 1150000 | R52: =S52-Q52 -> 92000 | S52: 1242000 | T52: 27059 | U52: 03/02/2026 | V52: CÔNG TY TNHH CẢNG CONTAINER QUỐC TẾTÂN CẢNG HẢI PHÒNG | AC52: =H52+M52+S52+Y52 -> 2492000 | AE52: Lấy HPH - TS EX - Hạ Lạch Huyện Disconnect | AF52: SAO Á | AG52: LẠCH HUYỆN | AI52: =VLOOKUP(D52,'web CSHT'!$J$4:$Q$170000,5,0) -> 642048 | AJ52: =VLOOKUP(D52,'web CSHT'!$J$4:$Q$170000,8,0) -> 250 | AK52: ONEU2350452 | AL52: =EXACT(G52,AK52) -> TRUE
A53: =ROW()-21 -> 32 | B53: 46057 | C53: SNLGHPCL000748 | D53: =VLOOKUP(G53,[1]Sheet1!$I$1:$Q$180000,9,0) -> 308225764620 | E53: 40HC | F53: VH-26/50193 | G53: SNBU8270906 | H53: 500000 | I53: =$AI$1&AI53 -> 0643115 | J53: =VLOOKUP(D53,'web CSHT'!$J$4:$Q$110000,6,0) -> 46058 | K53: =M53/1.08 -> 1500000 | L53: =M53-K53 -> 120000 | M53: 1620000 | N53: 26547 | O53: 05/02/2026 | P53: CÔNG TY TNHH TIẾP VẬN SITC-ĐÌNH VŨ | Q53: =S53/1.08 -> 1500000 | R53: =S53-Q53 -> 120000 | S53: 1620000 | T53: 8299 | U53: 05/02/2026 | V53: CÔNG TY CỔ PHẦN VSC GREEN LOGISTICS | AC53: =H53+M53+S53+Y53 -> 3740000 | AE53: Lấy HPH - TS EX - Hạ HPH Connect | AF53: SITC ĐÌNH VŨ | AG53: GIC | AI53: =VLOOKUP(D53,'web CSHT'!$J$4:$Q$170000,5,0) -> 643115 | AJ53: =VLOOKUP(D53,'web CSHT'!$J$4:$Q$170000,8,0) -> 500 | AK53: SNBU8270906 | AL53: =EXACT(G53,AK53) -> TRUE
A54: =ROW()-21 -> 33 | B54: 46058 | C54: ONEYHANG11282400 | D54: =VLOOKUP(G54,[1]Sheet1!$I$1:$Q$180000,9,0) -> 308227339360 | E54: 40HC | F54: VH-26/50191 | G54: ONEU5769530 | H54: 500000 | I54: =$AI$1&AI54 -> 0647559 | J54: =VLOOKUP(D54,'web CSHT'!$J$4:$Q$110000,6,0) -> 46062 | K54: =M54/1.08 -> 1450000 | L54: =M54-K54 -> 116000 | M54: 1566000 | N54: 1053 | O54: 05/02/2026 | P54: CÔNG TY TNHH MỘT THÀNH VIÊN TRUNG TÂM LOGISTICS XANH | Q54: =S54/1.08 -> 1600000 | R54: =S54-Q54 -> 128000 | S54: 1728000 | T54: 30463 | U54: 05/02/2026 | V54: CÔNG TY TNHH CẢNG CONTAINER QUỐC TẾTÂN CẢNG HẢI PHÒNG | AC54: =H54+M54+S54+Y54 -> 3794000 | AE54: Lấy HPH - TS EX - Hạ HPH Disconnect | AF54: GLC | AG54: LẠCH HUYỆN | AI54: =VLOOKUP(D54,'web CSHT'!$J$4:$Q$170000,5,0) -> 647559 | AJ54: =VLOOKUP(D54,'web CSHT'!$J$4:$Q$170000,8,0) -> 500 | AK54: ONEU5769530 | AL54: =EXACT(G54,AK54) -> TRUE
A55: =ROW()-21 -> 34 | B55: 46058 | C55: 237600079000 | D55: =VLOOKUP(G55,[1]Sheet1!$I$1:$Q$180000,9,0) -> 308227361210 | E55: 40HC | F55: VS-26/50176 | G55: EMCU9928728 | H55: 500000 | I55: =$AI$1&AI55 -> 0647568 | J55: =VLOOKUP(D55,'web CSHT'!$J$4:$Q$110000,6,0) -> 46062 | K55: 1388889 | L55: =M55-K55 -> 111111 | M55: 1500000 | N55: 27225 | O55: 46064 | P55: CÔNG TY CỔ PHẦN ĐẦU TƯ SAO Á D.C | Q55: =S55/1.08 -> 1500000 | R55: =S55-Q55 -> 120000 | S55: 1620000 | T55: 8405 | U55: 05/02/2026 | V55: CÔNG TY CỔ PHẦN VSC GREEN LOGISTICS | AC55: =H55+M55+S55+Y55 -> 3620000 | AE55: Lấy HPH - TS EX - Hạ HPH Connect | AF55: SAO Á | AG55: GIC | AI55: =VLOOKUP(D55,'web CSHT'!$J$4:$Q$170000,5,0) -> 647568 | AJ55: =VLOOKUP(D55,'web CSHT'!$J$4:$Q$170000,8,0) -> 500 | AK55: EMCU9928728 | AL55: =EXACT(G55,AK55) -> TRUE
A56: =ROW()-21 -> 35 | B56: 46059 | C56: 237600097407 | D56: =VLOOKUP(G56,[1]Sheet1!$I$1:$Q$180000,9,0) -> 308233006820 | E56: 40HC | F56: VH-26/50197 | G56: EGSU1767971 | H56: 500000 | I56: =$AI$1&AI56 -> 0647578 | J56: =VLOOKUP(D56,'web CSHT'!$J$4:$Q$110000,6,0) -> 46062 | K56: 1388889 | L56: =M56-K56 -> 111111 | M56: 1500000 | N56: 24661 | O56: 07/02/2026 | P56: CÔNG TY CỔ PHẦN ĐẦU TƯ SAO Á D.C | Q56: =S56/1.08 -> 1500000 | R56: =S56-Q56 -> 120000 | S56: 1620000 | T56: 8563 | U56: 06/02/2026 | V56: CÔNG TY CỔ PHẦN VSC GREEN LOGISTICS | AC56: =H56+M56+S56+Y56 -> 3620000 | AE56: Lấy HPH - TS EX - Hạ HPH Connect | AF56: SAO Á | AG56: GIC | AI56: =VLOOKUP(D56,'web CSHT'!$J$4:$Q$170000,5,0) -> 647578 | AJ56: =VLOOKUP(D56,'web CSHT'!$J$4:$Q$170000,8,0) -> 500 | AK56: EGSU1767971 | AL56: =EXACT(G56,AK56) -> TRUE
A57: =ROW()-21 -> 36 | B57: 46059 | C57: 237600104039 | D57: =VLOOKUP(G57,[1]Sheet1!$I$1:$Q$180000,9,0) -> 308233069120 | E57: 40HC | F57: VH-26/50198 | G57: EGHU8316929 | H57: 500000 | I57: =$AI$1&AI57 -> 0647611 | J57: =VLOOKUP(D57,'web CSHT'!$J$4:$Q$110000,6,0) -> 46062 | K57: 1388889 | L57: =M57-K57 -> 111111 | M57: 1500000 | N57: 24666 | O57: 07/02/2026 | P57: CÔNG TY CỔ PHẦN ĐẦU TƯ SAO Á D.C | Q57: =S57/1.08 -> 1500000 | R57: =S57-Q57 -> 120000 | S57: 1620000 | T57: 8943 | U57: 07/02/2026 | V57: CÔNG TY CỔ PHẦN VSC GREEN LOGISTICS | AC57: =H57+M57+S57+Y57 -> 3620000 | AE57: Lấy HPH - TS EX - Hạ HPH Connect | AF57: SAO Á | AG57: GIC | AI57: =VLOOKUP(D57,'web CSHT'!$J$4:$Q$170000,5,0) -> 647611 | AJ57: =VLOOKUP(D57,'web CSHT'!$J$4:$Q$170000,8,0) -> 500 | AK57: EGHU8316929 | AL57: =EXACT(G57,AK57) -> TRUE
A58: =ROW()-21 -> 37 | B58: 46062 | C58: EBKG15775597 | D58: 308240528100 | E58: 20DC | F58: VH-26/50205 | G58: MSDU2090600 | H58: 250000 | I58: =$AI$1&AI58 -> 0650591 | J58: =VLOOKUP(D58,'web CSHT'!$J$4:$Q$110000,6,0) -> 46063 | K58: =M58/1.08 -> 1000000 | L58: =M58-K58 -> 80000 | M58: 1080000 | N58: 29787 | O58: 10/02/2026 | P58: CÔNG TY TNHH TIẾP VẬN SITC-ĐÌNH VŨ | Q58: =S58/1.08 -> 1150000 | R58: =S58-Q58 -> 92000 | S58: 1242000 | T58: 23772 | U58: 09/02/2026 | V58: CÔNG TYCỔ PHẦN CẢNG CONTAINER QUỐC TẾ HATECO HẢI PHÒNG | AC58: =H58+M58+S58+Y58 -> 2572000 | AE58: Lấy HPH - TS EX - Hạ Lạch Huyện Connect | AF58: SITC ĐÌNH VŨ | AG58: HATECO | AI58: =VLOOKUP(D58,'web CSHT'!$J$4:$Q$170000,5,0) -> 650591 | AJ58: =VLOOKUP(D58,'web CSHT'!$J$4:$Q$170000,8,0) -> 250 | AK58: MSDU2090600 | AL58: =EXACT(G58,AK58) -> TRUE
A59: =ROW()-21 -> 38 | B59: 46062 | C59: SGN3044758 | D59: 308240529460 | E59: 20DC | F59: VH-26/50209 | G59: CMAU3236720 | H59: 250000 | I59: =$AI$1&AI59 -> 0650601 | J59: =VLOOKUP(D59,'web CSHT'!$J$4:$Q$110000,6,0) -> 46063 | K59: =M59/1.08 -> 1000000 | L59: =M59-K59 -> 80000 | M59: 1080000 | N59: 29789 | O59: 10/02/2026 | P59: CÔNG TY TNHH TIẾP VẬN SITC-ĐÌNH VŨ | Q59: =S59/1.08 -> 1150000 | R59: =S59-Q59 -> 92000 | S59: 1242000 | T59: 23771 | U59: 09/02/2026 | V59: CÔNG TYCỔ PHẦN CẢNG CONTAINER QUỐC TẾ HATECO HẢI PHÒNG | AC59: =H59+M59+S59+Y59 -> 2572000 | AE59: Lấy HPH - TS EX - Hạ Lạch Huyện Disconnect | AF59: SITC ĐÌNH VŨ | AG59: HATECO | AI59: =VLOOKUP(D59,'web CSHT'!$J$4:$Q$170000,5,0) -> 650601 | AJ59: =VLOOKUP(D59,'web CSHT'!$J$4:$Q$170000,8,0) -> 250 | AK59: CMAU3236720 | AL59: =EXACT(G59,AK59) -> TRUE
A60: =ROW()-21 -> 39 | B60: 46062 | C60: SNLGHPCL000748 | D60: 308240538230 | E60: 40HC | F60: VH-26/50207 | G60: UETU5660170 | H60: 500000 | I60: =$AI$1&AI60 -> 0650602 | J60: =VLOOKUP(D60,'web CSHT'!$J$4:$Q$110000,6,0) -> 46063 | K60: =M60/1.08 -> 1450000 | L60: =M60-K60 -> 116000 | M60: 1566000 | N60: 9392 | O60: 46062 | P60: CÔNG TY CỔ PHẦN VSC GREEN LOGISTICS | Q60: =S60/1.08 -> 1500000 | R60: =S60-Q60 -> 120000 | S60: 1620000 | T60: 9521 | U60: 46063 | V60: CÔNG TY CỔ PHẦN VSC GREEN LOGISTICS | AC60: =H60+M60+S60+Y60 -> 3686000 | AE60: Lấy HPH - TS EX - Hạ HPH Connect | AF60: SITC ĐÌNH VŨ | AG60: GIC | AI60: =VLOOKUP(D60,'web CSHT'!$J$4:$Q$170000,5,0) -> 650602 | AJ60: =VLOOKUP(D60,'web CSHT'!$J$4:$Q$170000,8,0) -> 500 | AK60: UETU5660170 | AL60: =EXACT(G60,AK60) -> TRUE
A61: =ROW()-21 -> 40 | B61: 46063 | C61: SNLGHPCL000748 | D61: 308246968210 | E61: 20DC | F61: VH-26/50217 | G61: SNBU2409126 | H61: 250000 | I61: =$AI$1&AI61 -> 0651477 | J61: =VLOOKUP(D61,'web CSHT'!$J$4:$Q$110000,6,0) -> 46064 | K61: =M61/1.08 -> 1000000 | L61: =M61-K61 -> 80000 | M61: 1080000 | N61: 9330 | O61: 09/02/2026 | P61: CÔNG TY CỔ PHẦN VSC GREEN LOGISTICS | Q61: =S61/1.08 -> 1150000 | R61: =S61-Q61 -> 92000 | S61: 1242000 | T61: 9584 | U61: 10/02/2026 | V61: CÔNG TY CỔ PHẦN VSC GREEN LOGISTICS | AC61: =H61+M61+S61+Y61 -> 2572000 | AE61: Lấy HPH - TS EX - Hạ HPH Connect | AF61: GIC | AG61: GIC | AI61: =VLOOKUP(D61,'web CSHT'!$J$4:$Q$170000,5,0) -> 651477 | AJ61: =VLOOKUP(D61,'web CSHT'!$J$4:$Q$170000,8,0) -> 250 | AK61: SNBU2409126 | AL61: =EXACT(G61,AK61) -> TRUE
A62: =ROW()-21 -> 41 | B62: 46063 | C62: SNLGHPCL000748 | D62: 308246996800 | E62: 40HC | F62: VH-26/50221 | G62: WSDU5035910 | H62: 500000 | I62: =$AI$1&AI62 -> 0651475 | J62: =VLOOKUP(D62,'web CSHT'!$J$4:$Q$110000,6,0) -> 46064 | K62: =M62/1.08 -> 1450000 | L62: =M62-K62 -> 116000 | M62: 1566000 | N62: 9342 | O62: 09/02/2026 | P62: CÔNG TY CỔ PHẦN VSC GREEN LOGISTICS | Q62: =S62/1.08 -> 1500000 | R62: =S62-Q62 -> 120000 | S62: 1620000 | T62: 9629 | U62: 10/02/2026 | V62: CÔNG TY CỔ PHẦN VSC GREEN LOGISTICS | AC62: =H62+M62+S62+Y62 -> 3686000 | AE62: Lấy HPH - TS EX - Hạ HPH Disconnect | AF62: GIC | AG62: GIC | AI62: =VLOOKUP(D62,'web CSHT'!$J$4:$Q$170000,5,0) -> 651475 | AJ62: =VLOOKUP(D62,'web CSHT'!$J$4:$Q$170000,8,0) -> 500 | AK62: WSDU5035910 | AL62: =EXACT(G62,AK62) -> TRUE
A63: =ROW()-21 -> 42 | B63: 46063 | C63: HANG04220500 | D63: 308247380730 | E63: 20DC | F63: VS-26/50226 | G63: ONEU2971320 | H63: 250000 | I63: =$AI$1&AI63 -> 0652778 | J63: =VLOOKUP(D63,'web CSHT'!$J$4:$Q$110000,6,0) -> 46064 | K63: =M63/1.08 -> 1000000 | L63: =M63-K63 -> 80000 | M63: 1080000 | N63: 7975 | O63: 46066 | P63: CÔNG TY TNHH HÀ HƯNG HẢI | Q63: 1157407 | R63: =S63-Q63 -> 92593 | S63: 1250000 | T63: 7976 | U63: 46066 | V63: CÔNG TY TNHH HÀ HƯNG HẢI | AC63: =H63+M63+S63+Y63 -> 2580000 | AE63: Lấy HPH - TS EX - Hạ HPH Connect | AF63: VINABRIDGE | AG63: HÀ HƯNG HẢI | AI63: =VLOOKUP(D63,'web CSHT'!$J$4:$Q$170000,5,0) -> 652778 | AJ63: =VLOOKUP(D63,'web CSHT'!$J$4:$Q$170000,8,0) -> 250 | AK63: ONEU2971320
A64: =ROW()-21 -> 43 | B64: 46063 | C64: 237600106449 | D64: 308247417020 | E64: 20DC | F64: VH-26/50232 | G64: EGSU3767625 | H64: 250000 | I64: =$AI$1&AI64 -> 0652787 | J64: =VLOOKUP(D64,'web CSHT'!$J$4:$Q$110000,6,0) -> 46064 | K64: 925926 | L64: =M64-K64 -> 74074 | M64: 1000000 | N64: 28585 | O64: 12/02/2026 | P64: CÔNG TY CỔ PHẦN ĐẦU TƯ SAO Á D.C | Q64: =S64/1.08 -> 1150000 | R64: =S64-Q64 -> 92000 | S64: 1242000 | T64: 9859 | U64: 11/02/2026 | V64: CÔNG TY CỔ PHẦN VSC GREEN LOGISTICS | AC64: =H64+M64+S64+Y64 -> 2492000 | AE64: Lấy HPH - TS EX - Hạ HPH Disconnect | AF64: SAO Á | AG64: GIC | AI64: =VLOOKUP(D64,'web CSHT'!$J$4:$Q$170000,5,0) -> 652787 | AJ64: =VLOOKUP(D64,'web CSHT'!$J$4:$Q$170000,8,0) -> 250 | AK64: EGSU3767625
A65: =ROW()-21 -> 44 | B65: 46063 | C65: COSU6438439150 | D65: 308240536830 | E65: 40HC | F65: VH-26/50203 | G65: FCIU9815555 | H65: 500000 | I65: =$AI$1&AI65 -> 0652780 | J65: =VLOOKUP(D65,'web CSHT'!$J$4:$Q$110000,6,0) -> 46064 | P65: X | Q65: =S65/1.08 -> 1640000 | R65: =S65-Q65 -> 131200 | S65: 1771200 | T65: 30149 | U65: 11/02/2026 | V65: CÔNG TY CỔ PHẦN CẢNG NAM ĐÌNH VŨ | AC65: =H65+M65+S65+Y65 -> 2271200 | AE65: Lấy HPH - Trả nhập 2 điểm QV , TS - RU TS EX - Hạ HPH | AF65: RU CTS | AG65: NAM ĐÌNH VŨ | AI65: =VLOOKUP(D65,'web CSHT'!$J$4:$Q$170000,5,0) -> 652780 | AJ65: =VLOOKUP(D65,'web CSHT'!$J$4:$Q$170000,8,0) -> 500 | AK65: FCIU9815555
A66: =ROW()-21 -> 45 | B66: 46064 | C66: COSU6444384720 | D66: 308252039120 | E66: 40HC | F66: VH-26/50206 | G66: CSNU7713111 | H66: 500000 | I66: =$AI$1&AI66 -> 0654058 | J66: =VLOOKUP(D66,'web CSHT'!$J$4:$Q$110000,6,0) -> 46065 | K66: =M66/1.08 -> 1500000 | L66: =M66-K66 -> 120000 | M66: 1620000 | N66: 7548 | O66: 12/02/2026 | P66: CÔNG TY CỔ PHẦN GRAND FORWARD VIỆT NAM | Q66: =S66/1.08 -> 1600000 | R66: =S66-Q66 -> 128000 | S66: 1728000 | T66: 36685 | U66: 11/02/2026 | V66: CÔNG TY TNHH CẢNG CONTAINER QUỐC TẾTÂN CẢNG HẢI PHÒNG | AC66: =H66+M66+S66+Y66 -> 3848000 | AE66: Lấy HPH - TS EX - Hạ Lạch Huyện Disconnect | AF66: GFORTUNE | AG66: LẠCH HUYỆN | AI66: =VLOOKUP(D66,'web CSHT'!$J$4:$Q$170000,5,0) -> 654058 | AJ66: =VLOOKUP(D66,'web CSHT'!$J$4:$Q$170000,8,0) -> 500 | AK66: CSNU7713111
A67: =ROW()-21 -> 46 | B67: 46063 | C67: 6438439150 | D67: 308249638450 | E67: 40HC | F67: VH-26/50210 | G67: OOCU6133470 | H67: 500000 | I67: =$AI$1&AI67 -> 0654045 | J67: =VLOOKUP(D67,'web CSHT'!$J$4:$Q$110000,6,0) -> 46065 | K67: =M67/1.08 -> 1500000 | L67: =M67-K67 -> 120000 | M67: 1620000 | N67: 7549 | O67: 12/02/2026 | P67: CÔNG TY CỔ PHẦN GRAND FORWARD VIỆT NAM | Q67: =S67/1.08 -> 1640000 | R67: =S67-Q67 -> 131200 | S67: 1771200 | T67: 31294 | U67: 11/02/2026 | V67: CÔNG TY CỔ PHẦN CẢNG NAM ĐÌNH VŨ | AC67: =H67+M67+S67+Y67 -> 3891200 | AE67: Lấy HPH - TS EX - Hạ HPH Disconnect | AF67: GFORTUNE | AG67: NAM ĐÌNH VŨ | AI67: =VLOOKUP(D67,'web CSHT'!$J$4:$Q$170000,5,0) -> 654045 | AJ67: =VLOOKUP(D67,'web CSHT'!$J$4:$Q$170000,8,0) -> 500 | AK67: OOCU6133470
A68: =ROW()-21 -> 47 | B68: 46039 | C68: 262590698 | D68: 308161200230 | E68: 40HC | F68: VS-26/50072 | G68: TCNU8079500 | H68: 250000 | I68: =$AI$1&AI68 -> 0615589 | J68: =VLOOKUP(D68,'web CSHT'!$J$4:$Q$110000,6,0) -> 46041 | AC68: =H68+M68+S68+Y68 -> 250000 | AI68: =VLOOKUP(D68,'web CSHT'!$J$4:$Q$170000,5,0) -> 615589 | AJ68: =VLOOKUP(D68,'web CSHT'!$J$4:$Q$170000,8,0) -> 250
A69: =ROW()-21 -> 48 | B69: 46039 | C69: 262590698 | D69: 308161249010 | E69: 40HC | F69: VS-26/50073 | G69: HASU4792005 | H69: 250000 | I69: =$AI$1&AI69 -> 0615573 | J69: =VLOOKUP(D69,'web CSHT'!$J$4:$Q$110000,6,0) -> 46041 | AC69: =H69+M69+S69+Y69 -> 250000 | AI69: =VLOOKUP(D69,'web CSHT'!$J$4:$Q$170000,5,0) -> 615573 | AJ69: =VLOOKUP(D69,'web CSHT'!$J$4:$Q$170000,8,0) -> 250
A70: =ROW()-21 -> 49 | B70: 46043 | C70: 262863213 | D70: 308174416450 | E70: 40HC | F70: VS-26/50090 | G70: UETU6938394 | H70: 250000 | I70: =$AI$1&AI70 -> 0626252 | J70: =VLOOKUP(D70,'web CSHT'!$J$4:$Q$110000,6,0) -> 46048 | AC70: =H70+M70+S70+Y70 -> 250000 | AI70: =VLOOKUP(D70,'web CSHT'!$J$4:$Q$170000,5,0) -> 626252 | AJ70: =VLOOKUP(D70,'web CSHT'!$J$4:$Q$170000,8,0) -> 250
A71: =ROW()-21 -> 50 | B71: 46045 | C71: 262863213 | D71: 308182398000 | E71: 40HC | F71: VS-26/50111 | G71: MRSU7085290 | H71: 250000 | I71: =$AI$1&AI71 -> 0629683 | J71: =VLOOKUP(D71,'web CSHT'!$J$4:$Q$110000,6,0) -> 46050 | AC71: =H71+M71+S71+Y71 -> 250000 | AI71: =VLOOKUP(D71,'web CSHT'!$J$4:$Q$170000,5,0) -> 629683 | AJ71: =VLOOKUP(D71,'web CSHT'!$J$4:$Q$170000,8,0) -> 250
A72: =ROW()-21 -> 51 | B72: 46049 | C72: 263155880 | D72: 308196593520 | E72: 40HC | F72: VS-26/50130 | G72: MRKU6092501 | H72: 250000 | I72: =$AI$1&AI72 -> 0636868 | J72: =VLOOKUP(D72,'web CSHT'!$J$4:$Q$110000,6,0) -> 46055 | AC72: =H72+M72+S72+Y72 -> 250000 | AI72: =VLOOKUP(D72,'web CSHT'!$J$4:$Q$170000,5,0) -> 636868 | AJ72: =VLOOKUP(D72,'web CSHT'!$J$4:$Q$170000,8,0) -> 250
A73: =ROW()-21 -> 52 | B73: 46050 | C73: 263155880 | D73: 308201614950 | E73: 40HC | F73: VS-26/50127 | G73: CAIU8271361 | H73: 250000 | I73: =$AI$1&AI73 -> 0636889 | J73: =VLOOKUP(D73,'web CSHT'!$J$4:$Q$110000,6,0) -> 46055 | AC73: =H73+M73+S73+Y73 -> 250000 | AI73: =VLOOKUP(D73,'web CSHT'!$J$4:$Q$170000,5,0) -> 636889 | AJ73: =VLOOKUP(D73,'web CSHT'!$J$4:$Q$170000,8,0) -> 250
A74: =ROW()-21 -> 53 | B74: 46050 | C74: 263155880 | D74: 308202089550 | E74: 40HC | F74: VS-26/50126 | G74: MRKU4878425 | H74: 250000 | I74: =$AI$1&AI74 -> 0636891 | J74: =VLOOKUP(D74,'web CSHT'!$J$4:$Q$110000,6,0) -> 46055 | AC74: =H74+M74+S74+Y74 -> 250000 | AI74: =VLOOKUP(D74,'web CSHT'!$J$4:$Q$170000,5,0) -> 636891 | AJ74: =VLOOKUP(D74,'web CSHT'!$J$4:$Q$170000,8,0) -> 250
A75: =ROW()-21 -> 54 | B75: 46052 | C75: 263415697 | D75: 308214657940 | E75: 40HC | F75: VS-26/50149 | G75: MRKU5471706 | H75: 250000 | I75: =$AI$1&AI75 -> 0643123 | J75: =VLOOKUP(D75,'web CSHT'!$J$4:$Q$110000,6,0) -> 46058 | AC75: =H75+M75+S75+Y75 -> 250000 | AI75: =VLOOKUP(D75,'web CSHT'!$J$4:$Q$170000,5,0) -> 643123 | AJ75: =VLOOKUP(D75,'web CSHT'!$J$4:$Q$170000,8,0) -> 250
A76: =ROW()-21 -> 55 | B76: 46055 | C76: 263415697 | D76: 308214658640 | E76: 40HC | F76: VS-26/50150 | G76: MRKU5130187 | H76: 250000 | I76: =$AI$1&AI76 -> 0643106 | J76: =VLOOKUP(D76,'web CSHT'!$J$4:$Q$110000,6,0) -> 46058 | AC76: =H76+M76+S76+Y76 -> 250000 | AI76: =VLOOKUP(D76,'web CSHT'!$J$4:$Q$170000,5,0) -> 643106 | AJ76: =VLOOKUP(D76,'web CSHT'!$J$4:$Q$170000,8,0) -> 250
A77: =ROW()-21 -> 56 | B77: 46055 | C77: 263415697 | D77: 308214659120 | E77: 40HC | F77: VS-26/50151 | G77: MRSU3560345 | H77: 250000 | I77: =$AI$1&AI77 -> 0643104 | J77: =VLOOKUP(D77,'web CSHT'!$J$4:$Q$110000,6,0) -> 46058 | AC77: =H77+M77+S77+Y77 -> 250000 | AI77: =VLOOKUP(D77,'web CSHT'!$J$4:$Q$170000,5,0) -> 643104 | AJ77: =VLOOKUP(D77,'web CSHT'!$J$4:$Q$170000,8,0) -> 250
A78: =ROW()-21 -> 57 | B78: 46055 | C78: 263415697 | D78: 308214659600 | E78: 40HC | F78: VS-26/50153 | G78: CAAU5939840 | H78: 250000 | I78: =$AI$1&AI78 -> 0643125 | J78: =VLOOKUP(D78,'web CSHT'!$J$4:$Q$110000,6,0) -> 46058 | AC78: =H78+M78+S78+Y78 -> 250000 | AI78: =VLOOKUP(D78,'web CSHT'!$J$4:$Q$170000,5,0) -> 643125 | AJ78: =VLOOKUP(D78,'web CSHT'!$J$4:$Q$170000,8,0) -> 250
A79: =ROW()-21 -> 58 | B79: 46056 | C79: 263415697 | D79: 308219941650 | E79: 40HC | F79: VS-26/50158 | G79: GESU6907082 | H79: 250000 | I79: =$AI$1&AI79 -> 0643132 | J79: =VLOOKUP(D79,'web CSHT'!$J$4:$Q$110000,6,0) -> 46058 | AC79: =H79+M79+S79+Y79 -> 250000 | AI79: =VLOOKUP(D79,'web CSHT'!$J$4:$Q$170000,5,0) -> 643132 | AJ79: =VLOOKUP(D79,'web CSHT'!$J$4:$Q$170000,8,0) -> 250
... A88: =ROW()-21 -> 67 | B88: 46046 | C88: 262863213 | D88: 308184475600 | E88: 40HC | F88: VS-26/50116 | G88: MRSU3059225 | H88: 500000 | I88: =$AI$1&AI88 -> 0629702 | J88: =VLOOKUP(D88,'web CSHT'!$J$4:$Q$110000,6,0) -> 46050 | AC88: =H88+M88+S88+Y88 -> 500000 | AI88: =VLOOKUP(D88,'web CSHT'!$J$4:$Q$170000,5,0) -> 629702 | AJ88: =VLOOKUP(D88,'web CSHT'!$J$4:$Q$170000,8,0) -> 500
A89: Tổng | H89: =SUM(H22:H88) -> 26750000 | K89: =SUM(K22:K88) -> 47635186 | L89: =SUM(L22:L88) -> 3810814 | M89: =SUM(M22:M88) -> 51446000 | Q89: =SUM(Q22:Q88) -> 56919260 | R89: =SUM(R22:R88) -> 4553540 | S89: =SUM(S22:S88) -> 61472800 | W89: =SUM(W22:W88) -> 18519 | X89: =SUM(X22:X88) -> 1481 | Y89: =SUM(Y22:Y88) -> 20000 | AC89: =SUM(AC22:AC88) -> 139688800
S93: ='COVER DN XUẤT'!D41 -> Ngày 23 tháng 02 năm 2026
T95: ĐẠI DIỆN BÊN BÁN

Sheet CSHT XUẤT (2)
A1: CỘNG HÒA XÃ HỘI CHỦ NGHĨA VIỆT NAM
A2: Độc lập - Tự do - Hạnh Phúc
A4: BACK TO BACK CHARGE
A6: Căn cứ vào tình hình thực tế thực hiện,
A7: Chúng tôi gồm:
A8: BÊN MUA: CÔNG TY TNHH CANON VIỆT NAM - CHI NHÁNH TIÊN SƠN
A9: Địa chỉ: Số 12, đường TS10, Khu công nghiệp Tiên Sơn, Xã Đại Đồng, Tỉnh Bắc Ninh, Việt Nam | AE9: đã check LOLO < CSHT
A10: MST: 0101125340002 | AE10: LOLO thiếu 1 cái
A11: Đại diện: | D11: Chức vụ:
A13: BÊN BÁN: CÔNG TY CỔ PHẦN MBF
A14: Địa chỉ: Số 58 Xóm Giếng, Thôn Cổ Điển A, Xã Thanh Trì, Thành phố Hà Nội, Việt Nam
A15: MST: 0105040296
A16: Đại diện: | D16: Chức vụ:
A17: Cùng đối chiếu như sau:
O19: Date | Q19: ='COVER BTB XUẤT'!C18 -> Debit No.: | R19: ='COVER BTB XUẤT'!D18 -> MBF-CTS11022026-3
Q20: ='COVER BTB XUẤT'!C19 -> Date | R20: ='COVER BTB XUẤT'!D19 -> 23/02/2026
A21: STT | B21: Ngày đóng hàng | C21: BL/ BKG | D21: Tờ khai | E21: Loại Conts | F21: CVN Invoice no | G21: Số Conts | H21: Chi hộ CSHT | I21: Invoice no | J21: Invoice date | K21: Net amount | L21: VAT | M21: Lift on | N21: Invoice no | O21: Invoice date | P21: Tên nhà cung cấp | Q21: Net amount | R21: VAT | S21: Lift off | T21: Invoice no | U21: Invoice date | V21: Tên nhà cung cấp | W21: Net amount | X21: VAT | Y21: Other fees | Z21: Invoice no | AA21: Invoice date | AB21: Tên nhà cung cấp | AC21: Total | AD21: Note | AH21: HASU5183873 | AI21: truck + CSHT 500 | AM21: 0
A22: =ROW()-21 -> 1 | B22: 45930 | C22: COSU6430502490 | D22: 307814412900 | E22: 20DC | F22: VH-25/50559 | G22: BMOU1626095 | H22: 250000 | I22: 0468530 | J22: 45931 | K22: 925926 | L22: =M22-K22 -> 74074 | M22: 1000000 | N22: 110074 | O22: 30/09/2025 | P22: CÔNG TY CỔ PHẦN THT E-LOGISTICS | Q22: =S22/1.08 -> 1045000 | R22: =S22-Q22 -> 83600 | S22: 1128600 | T22: 203812 | U22: 30/09/2025 | V22: CÔNG TY TNHH CẢNG CONTAINER QUỐC TẾ TÂN CẢNG HẢI PHÒNG | W22: 18519 | X22: =Y22-W22 -> 1481 | Y22: 20000 | Z22: 326472 | AA22: 30/09/2025 | AB22: CÔNG TY CỔ PHẦN ỨNG DỤNG CÔNG NGHỆ LOGISTICS | AC22: =H22+M22+S22+Y22 -> 2398600 | AF22: Lấy HPH - TS EX - Hạ Lạch Huyện Disconnect | AG22: CHÂN THẬT | AH22: LẠCH HUYỆN | AL22: =VLOOKUP(D22,'web CSHT'!$J$4:$Q$18000,8,0) -> #N/A
A23: =ROW()-21 -> 2 | B23: 45930 | C23: 6426370150 | D23: 307814401810 | E23: 40HC | F23: VH-25/50557 | G23: CCLU7618857 | H23: 500000 | I23: 0470842 | J23: 45932 | Q23: =S23/1.08 -> 1490000 | R23: =S23-Q23 -> 119200 | S23: 1609200 | T23: 314072 | U23: 02/10/2025 | V23: CÔNG TY CỔ PHẦN CẢNG NAM ĐÌNH VŨ | AC23: =H23+M23+S23+Y23 -> 2109200 | AF23: Lấy HPH - TS IM - RU TS EX - Hạ HPH | AG23: RU CTS | AH23: NAM ĐÌNH VŨ | AL23: =VLOOKUP(D23,'web CSHT'!$J$4:$Q$18000,8,0) -> #N/A
A24: =ROW()-21 -> 3 | B24: 45930 | C24: 6426006020 | D24: 307815923940 | E24: 40HC | F24: VB-25/52406 | G24: OOLU9973630 | H24: 500000 | I24: 0471952 | J24: 45933 | Q24: =S24/1.08 -> 1490000 | R24: =S24-Q24 -> 119200 | S24: 1609200 | T24: 314109 | U24: 02/10/2025 | V24: CÔNG TY CỔ PHẦN CẢNG NAM ĐÌNH VŨ | AC24: =H24+M24+S24+Y24 -> 2109200 | AF24: Lấy HPH - TS IM - RU TS EX - Hạ HPH | AG24: RU CTS | AH24: NAM ĐÌNH VŨ | AL24: =VLOOKUP(D24,'web CSHT'!$J$4:$Q$18000,8,0) -> #N/A
A25: =ROW()-21 -> 4 | B25: 45931 | C25: HL-90526403 | D25: 307810809740 | E25: 40HC | F25: VS-25/51485 | G25: TCNU3272667 | H25: 500000 | I25: 0470834 | J25: 45932 | Q25: =S25/1.08 -> 1430000 | R25: =S25-Q25 -> 114400 | S25: 1544400 | T25: 136730 | U25: 01/10/2025 | V25: CÔNG TYCỔ PHẦN CẢNG CONTAINER QUỐC TẾ HATECO HẢI PHÒNG | AC25: =H25+M25+S25+Y25 -> 2044400 | AF25: TP - TS - TP + Hạ Lạch Huyện | AG25: TRI PHƯƠNG | AH25: HATECO | AL25: =VLOOKUP(D25,'web CSHT'!$J$4:$Q$18000,8,0) -> #N/A
A26: =ROW()-21 -> 5 | B26: 45933 | C26: SGN2820714 | D26: 307826690750 | E26: 40HC | F26: VB-25/52429 | G26: ECMU7001177 | H26: 500000 | I26: 0473169 | J26: 45934 | Q26: =S26/1.08 -> 1430000 | R26: =S26-Q26 -> 114400 | S26: 1544400 | T26: 147162 | U26: 45952 | V26: CÔNG TYCỔ PHẦN CẢNG CONTAINER QUỐC TẾ HATECO HẢI PHÒNG | AC26: =H26+M26+S26+Y26 -> 2044400 | AE26: Sai MST vì X MBF | AF26: Lấy Hưng Yên - TS EX - Hạ Lạch Huyện | AG26: RU HY | AH26: HATECO | AL26: =VLOOKUP(D26,'web CSHT'!$J$4:$Q$18000,8,0) -> #N/A
A27: =ROW()-21 -> 6 | B27: 45939 | C27: SGN2854099 | D27: 307842246740 | E27: 40HC | F27: VS-25/51517 | G27: BEAU5638649 | H27: 500000 | I27: 0479952 | J27: 45940 | V27: X | AC27: =H27+M27+S27+Y27 -> 500000 | AF27: Lấy Hưng Yên - TS EX - Hạ HPH | AG27: RU HY | AH27: TÂN VŨ | AL27: =VLOOKUP(D27,'web CSHT'!$J$4:$Q$18000,8,0) -> #N/A
A28: =ROW()-21 -> 7 | B28: 45943 | C28: MAEU258665687 | D28: 307853234200 | E28: 40HC | F28: VB-25/52492 | G28: FFAU4783150 | H28: 500000 | I28: 0485280 | J28: 15/10/2025 | Q28: =S28/1.08 -> 1430000 | R28: =S28-Q28 -> 114400 | S28: 1544400 | T28: 142069 | U28: 13/10/2025 | V28: CÔNG TYCỔ PHẦN CẢNG CONTAINER QUỐC TẾ HATECO HẢI PHÒNG | AC28: =H28+M28+S28+Y28 -> 2044400 | AF28: Lấy HPH - Trả nhập 2 điểm TL , TS - RU TS EX - Hạ Lạch Huyện | AG28: RU CTS | AH28: HATECO | AL28: =VLOOKUP(D28,'web CSHT'!$J$4:$Q$18000,8,0) -> #N/A
A29: =ROW()-21 -> 8 | B29: 45943 | C29: COSU6431337920 | D29: 307852473960 | E29: 40HC | F29: VH-25/50583 | G29: TGBU7691949 | H29: 500000 | I29: 0484126 | J29: 14/10/2025 | Q29: =S29/1.08 -> 1430000 | R29: =S29-Q29 -> 114400 | S29: 1544400 | T29: 213926 | U29: 13/10/2025 | V29: CÔNG TY TNHH CẢNG CONTAINER QUỐC TẾ TÂN CẢNG HẢI PHÒNG | AC29: =H29+M29+S29+Y29 -> 2044400 | AF29: Lấy HPH - TS IM - RU TS EX - Hạ Lạch Huyện | AG29: RU CTS | AH29: LẠCH HUYỆN | AL29: =VLOOKUP(D29,'web CSHT'!$J$4:$Q$18000,8,0) -> #N/A
A30: =ROW()-21 -> 9 | B30: 45943 | C30: COSU6431349580 | D30: 307852474810 | E30: 40HC | F30: VH-25/50584 | G30: OOCU7373769 | H30: 500000 | I30: 0484135 | J30: 14/10/2025 | Q30: =S30/1.08 -> 1430000 | R30: =S30-Q30 -> 114400 | S30: 1544400 | T30: 213930 | U30: 13/10/2025 | V30: CÔNG TY TNHH CẢNG CONTAINER QUỐC TẾ TÂN CẢNG HẢI PHÒNG | AC30: =H30+M30+S30+Y30 -> 2044400 | AF30: Lấy HPH - TS IM - RU TS EX - Hạ Lạch Huyện | AG30: RU CTS | AH30: LẠCH HUYỆN | AL30: =VLOOKUP(D30,'web CSHT'!$J$4:$Q$18000,8,0) -> #N/A
A31: =ROW()-21 -> 10 | B31: =VLOOKUP(G31,[3]T10!$Q$6:$S$1576,3,0) -> 45940 | C31: HL-78191313 | D31: 307831332230 | E31: 40HC | F31: VB-25/52445 | G31: FSCU8234806 | H31: 500000 | I31: 0479971 | J31: 45940 | Q31: =S31/1.08 -> 1430000 | R31: =S31-Q31 -> 114400 | S31: 1544400 | T31: 140822 | U31: 09/10/2025 | V31: CÔNG TYCỔ PHẦN CẢNG CONTAINER QUỐC TẾ HATECO HẢI PHÒNG | AC31: =H31+M31+S31+Y31 -> 2044400 | AF31: Lấy TP - TS EX - Hạ Lạch Huyện | AH31: HATECO | AL31: =VLOOKUP(D31,'web CSHT'!$J$4:$Q$18000,8,0) -> #N/A
A32: =ROW()-21 -> 11 | B32: =VLOOKUP(G32,[3]T10!$Q$6:$S$1576,3,0) -> 45941 | C32: HL-78191313 | D32: 307845870530 | E32: 40HC | F32: VB-25/52480 | G32: TGCU5176748 | H32: 500000 | I32: 0482592 | J32: 13/10/2025 | Q32: =S32/1.08 -> 1430000 | R32: =S32-Q32 -> 114400 | S32: 1544400 | T32: 141484 | U32: 45941 | V32: CÔNG TYCỔ PHẦN CẢNG CONTAINER QUỐC TẾ HATECO HẢI PHÒNG | AC32: =H32+M32+S32+Y32 -> 2044400 | AF32: Lấy TP - TS EX - Hạ Lạch Huyện | AH32: HATECO | AL32: =VLOOKUP(D32,'web CSHT'!$J$4:$Q$18000,8,0) -> #N/A
A33: =ROW()-21 -> 12 | B33: =VLOOKUP(G33,[3]T10!$Q$6:$S$1576,3,0) -> 45943 | C33: HL-78191313 | D33: 307848713560 | E33: 40HC | F33: VB-25/52490 | G33: HLBU1687684 | H33: 500000 | I33: 0482597 | J33: 13/10/2025 | Q33: =S33/1.08 -> 1430000 | R33: =S33-Q33 -> 114400 | S33: 1544400 | T33: 141743 | U33: 45943 | V33: CÔNG TYCỔ PHẦN CẢNG CONTAINER QUỐC TẾ HATECO HẢI PHÒNG | AC33: =H33+M33+S33+Y33 -> 2044400 | AF33: Lấy TP - TS EX - Hạ Lạch Huyện | AH33: HATECO | AL33: =VLOOKUP(D33,'web CSHT'!$J$4:$Q$18000,8,0) -> #N/A
A34: =ROW()-21 -> 13 | B34: =VLOOKUP(G34,[3]T10!$Q$6:$S$1576,3,0) -> 45942 | C34: HL-78191313 | D34: 307848857060 | E34: 40HC | F34: VB-25/52491 | G34: HLBU2060359 | H34: 500000 | I34: 0482581 | J34: 13/10/2025 | Q34: =S34/1.08 -> 1430000 | R34: =S34-Q34 -> 114400 | S34: 1544400 | T34: 141705 | U34: 45942 | V34: CÔNG TYCỔ PHẦN CẢNG CONTAINER QUỐC TẾ HATECO HẢI PHÒNG | AC34: =H34+M34+S34+Y34 -> 2044400 | AF34: Lấy TP - TS EX - Hạ Lạch Huyện Connect | AH34: HATECO | AL34: =VLOOKUP(D34,'web CSHT'!$J$4:$Q$18000,8,0) -> #N/A
A35: =ROW()-21 -> 14 | B35: =VLOOKUP(G35,'[3]T9.25 SW '!$Q$432:$S$1581,3,0) -> 45929 | C35: 257432252 | D35: 307805510520 | E35: 40 khô | F35: VB-25/52385 | G35: MRKU2826870 | H35: 250000 | I35: 0470822 | J35: 45932 | AC35: =H35+M35+S35+Y35 -> 250000 | AL35: =VLOOKUP(D35,'web CSHT'!$J$4:$Q$18000,8,0) -> #N/A
A36: =ROW()-21 -> 15 | B36: =VLOOKUP(G36,'[3]T9.25 SW '!$Q$432:$S$1581,3,0) -> 45927 | C36: 259591289 | D36: 307805567440 | E36: 40 khô | F36: VB-25/52386 | G36: HASU5183873 | H36: 500000 | I36: 0466533 | J36: 30/09/2025 | AC36: =H36+M36+S36+Y36 -> 500000 | AF36: Truck : ICD Tri Phương - Hateco | AL36: =VLOOKUP(D36,'web CSHT'!$J$4:$Q$18000,8,0) -> #N/A
A37: =ROW()-21 -> 16 | B37: =VLOOKUP(G37,'[3]T9.25 SW '!$Q$432:$S$1581,3,0) -> 45929 | C37: 258283048 | D37: 307810452260 | E37: 40 khô | F37: VB-25/52394 | G37: MRSU3992204 | H37: 500000 | I37: 0473183 | J37: 45934 | AC37: =H37+M37+S37+Y37 -> 500000 | AF37: Truck : ICD Tri Phương - Hateco | AL37: =VLOOKUP(D37,'web CSHT'!$J$4:$Q$18000,8,0) -> #N/A
A38: =ROW()-21 -> 17 | B38: =VLOOKUP(G38,'[3]T9.25 SW '!$Q$432:$S$1581,3,0) -> 45930 | C38: 257432252 | D38: 307810507820 | E38: 40 khô | F38: VB-25/52389 | G38: MRKU2940712 | H38: 500000 | I38: 0470846 | J38: 45932 | AC38: =H38+M38+S38+Y38 -> 500000 | AF38: Truck : ICD Tri Phương - Hateco | AL38: =VLOOKUP(D38,'web CSHT'!$J$4:$Q$18000,8,0) -> #N/A
A39: =ROW()-21 -> 18 | B39: =VLOOKUP(G39,'[3]T9.25 SW '!$Q$432:$S$1581,3,0) -> 45930 | C39: 257432252 | D39: 307810697300 307810668010 | E39: 40 khô | F39: VB-25/52396 VS-25/51489 | G39: MRKU4491143 | H39: 500000 | I39: 0468519 | J39: 45931 | AC39: =H39+M39+S39+Y39 -> 500000 | AF39: Truck : ICD Tri Phương - Hateco | AL39: =VLOOKUP(D39,'web CSHT'!$J$4:$Q$18000,8,0) -> #N/A
A40: =ROW()-21 -> 19 | B40: =VLOOKUP(G40,'[3]T9.25 SW '!$Q$432:$S$1581,3,0) -> 45930 | C40: 258096267 | D40: 307810951400 | E40: 40 khô | F40: VB-25/52390 | G40: MRSU4078831 | H40: 500000 | I40: 0470847 | J40: 45932 | AC40: =H40+M40+S40+Y40 -> 500000 | AF40: Truck : ICD Tri Phương - Hateco | AL40: =VLOOKUP(D40,'web CSHT'!$J$4:$Q$18000,8,0) -> #N/A
A41: =ROW()-21 -> 20 | B41: =VLOOKUP(G41,'[3]T9.25 SW '!$Q$432:$S$1581,3,0) -> 45930 | C41: 258283048 | D41: 307815448640 | E41: 40 khô | F41: VB-25/52401 | G41: MRSU3141713 | H41: 500000 | I41: 0473200 | J41: 45934 | AC41: =H41+M41+S41+Y41 -> 500000 | AF41: Truck : ICD Tri Phương - Hateco | AL41: =VLOOKUP(D41,'web CSHT'!$J$4:$Q$18000,8,0) -> #N/A
A42: =ROW()-21 -> 21 | B42: 45943 | C42: 259099228 | D42: =VLOOKUP(G42,[4]Sheet1!$I$188:$Q$205000,9,0) -> 307853072720 | E42: 40 khô | F42: VB-25/52493 | G42: HASU4911995 | H42: 250000 | I42: 0486998 | J42: 16/10/2025 | AC42: =H42+M42+S42+Y42 -> 250000 | AL42: =VLOOKUP(D42,'web CSHT'!$J$4:$Q$18000,8,0) -> #N/A
A43: =ROW()-21 -> 22 | B43: 45943 | C43: 259099228 | D43: =VLOOKUP(G43,[4]Sheet1!$I$188:$Q$205000,9,0) -> 307853097550 | E43: 40 khô | F43: VB-25/52486 | G43: MRKU5214740 | H43: 250000 | I43: 0487012 | J43: 16/10/2025 | AC43: =H43+M43+S43+Y43 -> 250000 | AL43: =VLOOKUP(D43,'web CSHT'!$J$4:$Q$18000,8,0) -> #N/A
A44: =ROW()-21 -> 23 | B44: 45944 | C44: 259098334 | D44: =VLOOKUP(G44,[4]Sheet1!$I$188:$Q$205000,9,0) -> 307853158010 | E44: 40 khô | F44: VB-25/52497 | G44: MRKU3521541 | H44: 250000 | I44: 0488243 | J44: 45947 | AC44: =H44+M44+S44+Y44 -> 250000 | AL44: =VLOOKUP(D44,'web CSHT'!$J$4:$Q$18000,8,0) -> #N/A
A45: =ROW()-21 -> 24 | B45: 45944 | C45: 259070840 | D45: =VLOOKUP(G45,[4]Sheet1!$I$188:$Q$205000,9,0) -> 307857560900 | E45: 40 khô | F45: VB-25/52487 | G45: TCNU2850879 | H45: 250000 | I45: 0488250 | J45: 45947 | AC45: =H45+M45+S45+Y45 -> 250000 | AL45: =VLOOKUP(D45,'web CSHT'!$J$4:$Q$18000,8,0) -> #N/A
A46: =ROW()-21 -> 25 | B46: 45944 | C46: 259099228 | D46: =VLOOKUP(G46,[4]Sheet1!$I$188:$Q$205000,9,0) -> 307857597300 | E46: 40 khô | F46: VB-25/52503 | G46: MRKU4542127 | H46: 250000 | I46: 0488239 | J46: 45947 | AC46: =H46+M46+S46+Y46 -> 250000 | AL46: =VLOOKUP(D46,'web CSHT'!$J$4:$Q$18000,8,0) -> #N/A
A47: =ROW()-21 -> 26 | B47: 45944 | C47: 259099228 | D47: =VLOOKUP(G47,[4]Sheet1!$I$188:$Q$205000,9,0) -> 307857632410 | E47: 40 khô | F47: VB-25/52504 | G47: MRKU4890117 | H47: 250000 | I47: 0488248 | J47: 45947 | AC47: =H47+M47+S47+Y47 -> 250000 | AL47: =VLOOKUP(D47,'web CSHT'!$J$4:$Q$18000,8,0) -> #N/A
A48: =ROW()-21 -> 27 | B48: 45945 | C48: 259099228 | D48: =VLOOKUP(G48,[4]Sheet1!$I$188:$Q$205000,9,0) -> 307857684650 | E48: 40 khô | F48: VB-25/52505 | G48: TIIU5334392 | H48: 250000 | I48: 0488247 | J48: 45947 | AC48: =H48+M48+S48+Y48 -> 250000 | AL48: =VLOOKUP(D48,'web CSHT'!$J$4:$Q$18000,8,0) -> #N/A
A49: =ROW()-21 -> 28 | B49: 45945 | C49: 259099228 | D49: =VLOOKUP(G49,[4]Sheet1!$I$188:$Q$205000,9,0) -> 307860305710 | E49: 40 khô | F49: VB-25/52507 | G49: CAAU7214050 | H49: 250000 | I49: 0488238 | J49: 45947 | AC49: =H49+M49+S49+Y49 -> 250000 | AL49: =VLOOKUP(D49,'web CSHT'!$J$4:$Q$18000,8,0) -> #N/A
A50: =ROW()-21 -> 29 | B50: 45945 | C50: 259099228 | D50: =VLOOKUP(G50,[4]Sheet1!$I$188:$Q$205000,9,0) -> 307860299630 | E50: 40 khô | F50: VB-25/52506 | G50: MRSU7483020 | H50: 250000 | I50: 0488245 | J50: 45947 | AC50: =H50+M50+S50+Y50 -> 250000 | AL50: =VLOOKUP(D50,'web CSHT'!$J$4:$Q$18000,8,0) -> #N/A
A51: =ROW()-21 -> 30 | B51: 45945 | C51: 259070840 | D51: =VLOOKUP(G51,[4]Sheet1!$I$188:$Q$205000,9,0) -> 307860329730 | E51: 40 khô | F51: VB-25/52511 | G51: MRKU2261774 | AC51: =H51+M51+S51+Y51 -> 0 | AF51: cont hỏng, đang đổi cont | AL51: =VLOOKUP(D51,'web CSHT'!$J$4:$Q$18000,8,0) -> #N/A
A52: =ROW()-21 -> 31 | B52: 45945 | C52: 259099228 | D52: 307860312560 | E52: 40 khô | F52: VB-25/52508 | G52: TRHU5301921 | H52: 250000 | I52: 0490498 | J52: 45950 | AC52: =H52+M52+S52+Y52 -> 250000 | AL52: =VLOOKUP(D52,'web CSHT'!$J$4:$Q$18000,8,0) -> #N/A
A53: =ROW()-21 -> 32 | B53: 45945 | C53: 259099228 | D53: 307860322250 | E53: 40 khô | F53: VB-25/52510 | G53: MSKU1258361 | H53: 250000 | I53: 0490500 | J53: 45950 | AC53: =H53+M53+S53+Y53 -> 250000 | AL53: =VLOOKUP(D53,'web CSHT'!$J$4:$Q$18000,8,0) -> #N/A
A54: =ROW()-21 -> 33 | B54: 45945 | C54: 259099228 | D54: 307860317610 | E54: 40 khô | F54: VB-25/52509 | G54: CAAU6387262 | H54: 250000 | I54: 0490486 | J54: 45950 | AC54: =H54+M54+S54+Y54 -> 250000 | AL54: =VLOOKUP(D54,'web CSHT'!$J$4:$Q$18000,8,0) -> #N/A
A55: Tổng | H55: =SUM(H22:H54) -> 12500000 | K55: =SUM(K22:K54) -> 925926 | L55: =SUM(L22:L54) -> 74074 | M55: =SUM(M22:M54) -> 1000000 | Q55: =SUM(Q22:Q54) -> 16895000 | R55: =SUM(R22:R54) -> 1351600 | S55: =SUM(S22:S54) -> 18246600 | W55: =SUM(W22:W54) -> 18519 | X55: =SUM(X22:X54) -> 1481 | Y55: =SUM(Y22:Y54) -> 20000 | AC55: =SUM(AC22:AC54) -> 31766600
S59: ='COVER DN XUẤT'!D41 -> Ngày 23 tháng 02 năm 2026
T61: ĐẠI DIỆN BÊN BÁN

Sheet web CSHT
F4: STT | G4: Xem BL | H4: BL chuyển đổi | I4: Tải về | J4: Số tờ khai | K4: Ngày tờ khai | L4: Loại hình | M4: Mẫu/ Ký hiệu | N4: Số biên lai | O4: Ngày biên lai | P4: Trạng thái | Q4: Tổng tiền(vnđ) | R4: Mã tra cứu
F5: 1 | G5: Xem | H5: Xem | I5: Tải về | J5: 107973124450 | K5: 46062 | L5: E11 TF003 | M5: 01BLP0-001/ VC-24E | N5: 1083328 | O5: 46063 | P5: Biên lai gốc | Q5: 500 | R5: L2RHXYCU5P
F6: 2 | G6: Xem | H6: Xem | I6: Tải về | J6: 308233036000 | K6: 46059 | L6: E42 TF003 | M6: 01BLP0-001/ VT-24E | N6: 650607 | O6: 46063 | P6: Biên lai gốc | Q6: 250 | R6: CYI4CP1U5V
F7: 3 | G7: Xem | H7: Xem | I7: Tải về | J7: 308244872630 | K7: 46063 | L7: E42 TF003 | M7: 01BLP0-001/ VT-24E | N7: 650603 | O7: 46063 | P7: Biên lai gốc | Q7: 500 | R7: PZQLH4AU5L
F8: 4 | G8: Xem | H8: Xem | I8: Tải về | J8: 308240538230 | K8: 46063 | L8: E42 TF003 | M8: 01BLP0-001/ VT-24E | N8: 650602 | O8: 46063 | P8: Biên lai gốc | Q8: 500 | R8: MN8HXCQU5J
F9: 5 | G9: Xem | H9: Xem | I9: Tải về | J9: 308240529460 | K9: 46063 | L9: E42 TF003 | M9: 01BLP0-001/ VT-24E | N9: 650601 | O9: 46063 | P9: Biên lai gốc | Q9: 250 | R9: L2QLJZQU54
F10: 6 | G10: Xem | H10: Xem | I10: Tải về | J10: 308228536360 | K10: 46059 | L10: E42 TF003 | M10: 01BLP0-001/ VT-24E | N10: 650595 | O10: 46063 | P10: Biên lai gốc | Q10: 250 | R10: U559GMAU5I
F11: 7 | G11: Xem | H11: Xem | I11: Tải về | J11: 308240528100 | K11: 46063 | L11: E42 TF003 | M11: 01BLP0-001/ VT-24E | N11: 650591 | O11: 46063 | P11: Biên lai gốc | Q11: 250 | R11: ACCC27QU5W
F12: 8 | G12: Xem | H12: Xem | I12: Tải về | J12: 308240517600 | K12: 46062 | L12: E42 TF003 | M12: 01BLP0-001/ VT-24E | N12: 650542 | O12: 46063 | P12: Biên lai gốc | Q12: 500 | R12: 785R41975A
F13: 9 | G13: Xem | H13: Xem | I13: Tải về | J13: 308240523640 | K13: 46063 | L13: E42 TF003 | M13: 01BLP0-001/ VC-24E | N13: 1081478 | O13: 46063 | P13: Biên lai gốc | Q13: 500 | R13: 0UTWP9EN5W
F14: 10 | G14: Xem | H14: Xem | I14: Tải về | J14: 308240526000 | K14: 46063 | L14: E42 TF003 | M14: 01BLP0-001/ VC-24E | N14: 1081472 | O14: 46063 | P14: Biên lai gốc | Q14: 500 | R14: 5V8BC7EN5H
F15: 11 | G15: Xem | H15: Xem | I15: Tải về | J15: 308237816300 | K15: 46061 | L15: E42 TF003 | M15: 01BLP0-001/ VC-24E | N15: 1081063 | O15: 46063 | P15: Biên lai gốc | Q15: 500 | R15: UQH4MWGH5X
F16: 12 | G16: Xem | H16: Xem | I16: Tải về | J16: 308237561720 | K16: 46060 | L16: E42 TF003 | M16: 01BLP0-001/ VC-24E | N16: 1081058 | O16: 46063 | P16: Biên lai gốc | Q16: 500 | R16: FPGRR7BH5X
F17: 13 | G17: Xem | H17: Xem | I17: Tải về | J17: 308237780450 | K17: 46061 | L17: E42 TF003 | M17: 01BLP0-001/ VC-24E | N17: 1081056 | O17: 46063 | P17: Biên lai gốc | Q17: 500 | R17: 62EL0WBH53
F18: 14 | G18: Xem | H18: Xem | I18: Tải về | J18: 107975068500 | K18: 46062 | L18: G51 TF003 | M18: 01BLP0-001/ VT-24E | N18: 649411 | O18: 46063 | P18: Biên lai gốc | Q18: 2.000.000 | R18: IZQTUATY5Q
F19: 15 | G19: Xem | H19: Xem | I19: Tải về | J19: 107969675920 | K19: 46060 | L19: G13 TF003 | M19: 01BLP0-001/ VC-24E | N19: 1077584 | O19: 46062 | P19: Biên lai gốc | Q19: 500 | R19: 04WBSDJ45A
F20: 16 | G20: Xem | H20: Xem | I20: Tải về | J20: 308233402910 | K20: 46059 | L20: E42 TF003 | M20: 01BLP0-001/ VC-24E | N20: 1075808 | O20: 46062 | P20: Biên lai gốc | Q20: 500 | R20: 4FVXTE3C5B
F21: 17 | G21: Xem | H21: Xem | I21: Tải về | J21: 308233684860 | K21: 46059 | L21: E42 TF003 | M21: 01BLP0-001/ VC-24E | N21: 1075792 | O21: 46062 | P21: Biên lai gốc | Q21: 500 | R21: FJ5K6C3C52
F22: 18 | G22: Xem | H22: Xem | I22: Tải về | J22: 308233857210 | K22: 46059 | L22: E42 TF003 | M22: 01BLP0-001/ VC-24E | N22: 1075790 | O22: 46062 | P22: Biên lai gốc | Q22: 500 | R22: UYF1V2EC5M
F23: 19 | G23: Xem | H23: Xem | I23: Tải về | J23: 308238120910 | K23: 46060 | L23: E42 TF003 | M23: 01BLP0-001/ VT-24E | N23: 647951 | O23: 46062 | P23: Biên lai gốc | Q23: 500 | R23: 5EEJWP8D5N
F24: 20 | G24: Xem | H24: Xem | I24: Tải về | J24: 107969830730 | K24: 46060 | L24: E11 TF003 | M24: 01BLP0-001/ VT-24E | N24: 647950 | O24: 46062 | P24: Biên lai gốc | Q24: 250 | R24: FIGJN28D5H
F25: 21 | G25: Xem | H25: Xem | I25: Tải về | J25: 308238251330 | K25: 46061 | L25: E42 TF003 | M25: 01BLP0-001/ VT-24E | N25: 647945 | O25: 46062 | P25: Biên lai gốc | Q25: 500 | R25: 8HRKMU8D50
F26: 22 | G26: Xem | H26: Xem | I26: Tải về | J26: 308233196960 | K26: 46060 | L26: E42 TF003 | M26: 01BLP0-001/ VT-24E | N26: 647617 | O26: 46062 | P26: Biên lai gốc | Q26: 250 | R26: E6PWKDBE5D
F27: 23 | G27: Xem | H27: Xem | I27: Tải về | J27: 308233149510 | K27: 46060 | L27: E42 TF003 | M27: 01BLP0-001/ VT-24E | N27: 647612 | O27: 46062 | P27: Biên lai gốc | Q27: 500 | R27: 5H4G4QTE53
F28: 24 | G28: Xem | H28: Xem | I28: Tải về | J28: 308233069120 | K28: 46059 | L28: E42 TF003 | M28: 01BLP0-001/ VT-24E | N28: 647611 | O28: 46062 | P28: Biên lai gốc | Q28: 500 | R28: CPJ862BE5J
F29: 25 | G29: Xem | H29: Xem | I29: Tải về | J29: 308233110200 | K29: 46060 | L29: E42 TF003 | M29: 01BLP0-001/ VT-24E | N29: 647604 | O29: 46062 | P29: Biên lai gốc | Q29: 500 | R29: P8SNN9GE5B
F30: 26 | G30: Xem | H30: Xem | I30: Tải về | J30: 107968950350 | K30: 46059 | L30: E11 TF003 | M30: 01BLP0-001/ VT-24E | N30: 647600 | O30: 46062 | P30: Biên lai gốc | Q30: 2.250.000 | R30: XFWITPTE5I
F31: 27 | G31: Xem | H31: Xem | I31: Tải về | J31: 308233006820 | K31: 46059 | L31: E42 TF003 | M31: 01BLP0-001/ VT-24E | N31: 647578 | O31: 46062 | P31: Biên lai gốc | Q31: 500 | R31: W05MUVTE5J
F32: 28 | G32: Xem | H32: Xem | I32: Tải về | J32: 107960045320 | K32: 46060 | L32: E11 TF003 | M32: 01BLP0-001/ VT-24E | N32: 647569 | O32: 46062 | P32: Biên lai gốc | Q32: 500 | R32: 7W3NQSGE5F
F33: 29 | G33: Xem | H33: Xem | I33: Tải về | J33: 308227361210 | K33: 46058 | L33: E42 TF003 | M33: 01BLP0-001/ VT-24E | N33: 647568 | O33: 46062 | P33: Biên lai gốc | Q33: 500 | R33: Z7C5I05E5H
F34: 30 | G34: Xem | H34: Xem | I34: Tải về | J34: 107959752240 | K34: 46059 | L34: E11 TF003 | M34: 01BLP0-001/ VT-24E | N34: 647567 | O34: 46062 | P34: Biên lai gốc | Q34: 500 | R34: VDHEI2TE59
F35: 31 | G35: Xem | H35: Xem | I35: Tải về | J35: 308227339360 | K35: 46058 | L35: E42 TF003 | M35: 01BLP0-001/ VT-24E | N35: 647559 | O35: 46062 | P35: Biên lai gốc | Q35: 500 | R35: VH6ACEBE5E
F36: 32 | G36: Xem | H36: Xem | I36: Tải về | J36: 308220063600 | K36: 46057 | L36: E42 TF003 | M36: 01BLP0-001/ VT-24E | N36: 647557 | O36: 46062 | P36: Biên lai gốc | Q36: 250 | R36: 46YRM3GE5S
F37: 33 | G37: Xem | H37: Xem | I37: Tải về | J37: 308236180840 | K37: 46060 | L37: E42 TF003 | M37: 01BLP0-001/ VC-24E | N37: 1073913 | O37: 46062 | P37: Biên lai gốc | Q37: 500 | R37: N5PX79SE5Z
F38: 34 | G38: Xem | H38: Xem | I38: Tải về | J38: 308236332850 | K38: 46061 | L38: E42 TF003 | M38: 01BLP0-001/ VT-24E | N38: 647414 | O38: 46062 | P38: Biên lai gốc | Q38: 500 | R38: 7TN6TCAE5J
F39: 35 | G39: Xem | H39: Xem | I39: Tải về | J39: 308236573320 | K39: 46060 | L39: E42 TF003 | M39: 01BLP0-001/ VC-24E | N39: 1073461 | O39: 46062 | P39: Biên lai gốc | Q39: 500 | R39: GESNHMU359
F40: 36 | G40: Xem | H40: Xem | I40: Tải về | J40: 308236431330 | K40: 46060 | L40: E42 TF003 | M40: 01BLP0-001/ VC-24E | N40: 1073440 | O40: 46062 | P40: Biên lai gốc | Q40: 500 | R40: IJ6AXQU35Z
F41: 37 | G41: Xem | H41: Xem | I41: Tải về | J41: 308236400860 | K41: 46060 | L41: E42 TF003 | M41: 01BLP0-001/ VC-24E | N41: 1073433 | O41: 46062 | P41: Biên lai gốc | Q41: 500 | R41: YTDGQVU352
F42: 38 | G42: Xem | H42: Xem | I42: Tải về | J42: 308233271860 | K42: 46060 | L42: E42 TF003 | M42: 01BLP0-001/ VC-24E | N42: 1073401 | O42: 46062 | P42: Biên lai gốc | Q42: 500 | R42: 1I312H735R
... F96: 92 | G96: Xem | H96: Xem | I96: Tải về | J96: 308215443010 | K96: 46055 | L96: E42 TF003 | M96: 01BLP0-001/ VC-24E | N96: 1048782 | O96: 46056 | P96: Biên lai gốc | Q96: 250 | R96: WGMYDSSPRV
F97: 93 | G97: Xem | H97: Xem | I97: Tải về | J97: 107937670410 | K97: 46052 | L97: E11 TF003 | M97: 01BLP0-001/ VT-24E | N97: 638884 | O97: 46056 | P97: Biên lai gốc | Q97: 1.000.000 | R97: XIF95MI0RK
F98: 94 | G98: Xem | H98: Xem | I98: Tải về | J98: 308214646300 | K98: 46055 | L98: E42 TF003 | M98: 01BLP0-001/ VC-24E | N98: 1047508 | O98: 46056 | P98: Biên lai gốc | Q98: 500 | R98: 8FGIM2VLR1
F99: 95 | G99: Xem | H99: Xem | I99: Tải về | J99: 107945667650 | K99: 46052 | L99: E11 TF003 | M99: 01BLP0-001/ VT-24E | N99: 638502 | O99: 46056 | P99: Biên lai gốc | Q99: 2.250.000 | R99: 32626E4LRI
F100: 96 | G100: Xem | H100: Xem | I100: Tải về | J100: 308208742500 | K100: 46053 | L100: E42 TF003 | M100: 01BLP0-001/ VC-24E | N100: 1045494 | O100: 46055 | P100: Biên lai gốc | Q100: 500 | R100: 2NX2KSVNRN
F101: 97 | G101: Xem | H101: Xem | I101: Tải về | J101: 308208705400 | K101: 46052 | L101: E42 TF003 | M101: 01BLP0-001/ VC-24E | N101: 1045483 | O101: 46055 | P101: Biên lai gốc | Q101: 500 | R101: 7BFVTHVNR5
F102: 98 | G102: Xem | H102: Xem | I102: Tải về | J102: 308208412320 | K102: 46053 | L102: E42 TF003 | M102: 01BLP0-001/ VT-24E | N102: 636896 | O102: 46055 | P102: Biên lai gốc | Q102: 500 | R102: 87A12C46RI
F103: 99 | G103: Xem | H103: Xem | I103: Tải về | J103: 308202089550 | K103: 46052 | L103: E42 TF003 | M103: 01BLP0-001/ VT-24E | N103: 636891 | O103: 46055 | P103: Biên lai gốc | Q103: 250 | R103: ZV3AW3R6RP
F104: 100 | G104: Xem | H104: Xem | I104: Tải về | J104: 308201614950 | K104: 46051 | L104: E42 TF003 | M104: 01BLP0-001/ VT-24E | N104: 636889 | O104: 46055 | P104: Biên lai gốc | Q104: 250 | R104: JQZB9M46RW
E105: 2 | F105: STT | G105: Xem BL | H105: BL chuyển đổi | I105: Tải về | J105: Số tờ khai | K105: Ngày tờ khai | L105: Loại hình | M105: Mẫu/ Ký hiệu | N105: Số biên lai | O105: Ngày biên lai | P105: Trạng thái | Q105: Tổng tiền(vnđ) | R105: Mã tra cứu
F106: 1 | G106: Xem | H106: Xem | I106: Tải về | J106: 308196593520 | K106: 46050 | L106: E42 TF003 | M106: 01BLP0-001/ VT-24E | N106: 636868 | O106: 46055 | P106: Biên lai gốc | Q106: 250 | R106: SXXKCBC6R3
F107: 2 | G107: Xem | H107: Xem | I107: Tải về | J107: 308200921620 | K107: 46052 | L107: E42 TF003 | M107: 01BLP0-001/ VC-24E | N107: 1041249 | O107: 46055 | P107: Biên lai gốc | Q107: 500 | R107: K2X4F26GRF
F108: 3 | G108: Xem | H108: Xem | I108: Tải về | J108: 308208052520 | K108: 46052 | L108: E42 TF003 | M108: 01BLP0-001/ VC-24E | N108: 1041221 | O108: 46055 | P108: Biên lai gốc | Q108: 500 | R108: LJ7YFCGGRU
F109: 4 | G109: Xem | H109: Xem | I109: Tải về | J109: 308206856330 | K109: 46052 | L109: E42 TF003 | M109: 01BLP0-001/ VC-24E | N109: 1041201 | O109: 46055 | P109: Biên lai gốc | Q109: 500 | R109: V3DF905GR4
F110: 5 | G110: Xem | H110: Xem | I110: Tải về | J110: 308208081000 | K110: 46052 | L110: E42 TF003 | M110: 01BLP0-001/ VC-24E | N110: 1039256 | O110: 46053 | P110: Biên lai gốc | Q110: 250 | R110: UICQ6MZI41
F111: 6 | G111: Xem | H111: Xem | I111: Tải về | J111: 308206869740 | K111: 46052 | L111: E42 TF003 | M111: 01BLP0-001/ VT-24E | N111: 635737 | O111: 46053 | P111: Biên lai gốc | Q111: 500 | R111: VRT43G5846
F112: 7 | G112: Xem | H112: Xem | I112: Tải về | J112: 107944639500 | K112: 46052 | L112: G51 TF003 | M112: 01BLP0-001/ VT-24E | N112: 635722 | O112: 46053 | P112: Biên lai gốc | Q112: 2.500.000 | R112: F1AJXQ584A
F113: 8 | G113: Xem | H113: Xem | I113: Tải về | J113: 308206863110 | K113: 46052 | L113: E42 TF003 | M113: 01BLP0-001/ VT-24E | N113: 635720 | O113: 46053 | P113: Biên lai gốc | Q113: 500 | R113: BX284YV84P
F114: 9 | G114: Xem | H114: Xem | I114: Tải về | J114: 308197097960 | K114: 46050 | L114: E42 TF003 | M114: 01BLP0-001/ VC-24E | N114: 1038981 | O114: 46053 | P114: Biên lai gốc | Q114: 500 | R114: W506JVC84Y
F115: 10 | G115: Xem | H115: Xem | I115: Tải về | J115: 308208131360 | K115: 46053 | L115: E42 TF003 | M115: 01BLP0-001/ VC-24E | N115: 1038498 | O115: 46053 | P115: Biên lai gốc | Q115: 500 | R115: ZV2Y4QHM40
F116: 11 | G116: Xem | H116: Xem | I116: Tải về | J116: 308206853900 | K116: 46052 | L116: E42 TF003 | M116: 01BLP0-001/ VC-24E | N116: 1038481 | O116: 46053 | P116: Biên lai gốc | Q116: 500 | R116: 7VNR8KBM41
F117: 12 | G117: Xem | H117: Xem | I117: Tải về | J117: 308201871630 | K117: 46051 | L117: E42 TF003 | M117: 01BLP0-001/ VC-24E | N117: 1035869 | O117: 46052 | P117: Biên lai gốc | Q117: 500 | R117: M7SZ5AXG44
F118: 13 | G118: Xem | H118: Xem | I118: Tải về | J118: 308202019000 | K118: 46052 | L118: E42 TF003 | M118: 01BLP0-001/ VC-24E | N118: 1035868 | O118: 46052 | P118: Biên lai gốc | Q118: 500 | R118: 2YUCKKXG4E
F119: 14 | G119: Xem | H119: Xem | I119: Tải về | J119: 308201885040 | K119: 46051 | L119: E42 TF003 | M119: 01BLP0-001/ VC-24E | N119: 1035863 | O119: 46052 | P119: Biên lai gốc | Q119: 500 | R119: XTR9F2XG46
F120: 15 | G120: Xem | H120: Xem | I120: Tải về | J120: 308201992360 | K120: 46051 | L120: E42 TF003 | M120: 01BLP0-001/ VC-24E | N120: 1035861 | O120: 46052 | P120: Biên lai gốc | Q120: 500 | R120: XEY1F93G4L
F121: 16 | G121: Xem | H121: Xem | I121: Tải về | J121: 308201912600 | K121: 46051 | L121: E42 TF003 | M121: 01BLP0-001/ VC-24E | N121: 1035848 | O121: 46052 | P121: Biên lai gốc | Q121: 500 | R121: 2KTI36XG4E
F122: 17 | G122: Xem | H122: Xem | I122: Tải về | J122: 308201850300 | K122: 46051 | L122: E42 TF003 | M122: 01BLP0-001/ VC-24E | N122: 1035839 | O122: 46052 | P122: Biên lai gốc | Q122: 500 | R122: DJBI2W3G4S
F123: 18 | G123: Xem | H123: Xem | I123: Tải về | J123: 308202123520 | K123: 46052 | L123: E42 TF003 | M123: 01BLP0-001/ VT-24E | N123: 634473 | O123: 46052 | P123: Biên lai gốc | Q123: 500 | R123: DPPJETAT4Y
F124: 19 | G124: Xem | H124: Xem | I124: Tải về | J124: 308202099500 | K124: 46052 | L124: E42 TF003 | M124: 01BLP0-001/ VT-24E | N124: 634467 | O124: 46052 | P124: Biên lai gốc | Q124: 500 | R124: PI4GHQAT4P
... F142: 37 | G142: Xem | H142: Xem | I142: Tải về | J142: 308182232540 | K142: 46045 | L142: E42 TF003 | M142: 01BLP0-001/ VT-24E | N142: 629727 | O142: 46050 | P142: Biên lai gốc | Q142: 500 | R142: TDVZ0DBHCB
F143: 38 | G143: Xem | H143: Xem | I143: Tải về | J143: 107929233050 | K143: 46048 | L143: E11 TF003 | M143: 01BLP0-001/ VT-24E | N143: 629723 | O143: 46050 | P143: Biên lai gốc | Q143: 2.500.000 | R143: ABQ4YWGHCA
F144: 39 | G144: Xem | H144: Xem | I144: Tải về | J144: 308188076360 | K144: 46048 | L144: E42 TF003 | M144: 01BLP0-001/ VT-24E | N144: 629721 | O144: 46050 | P144: Biên lai gốc | Q144: 500 | R144: PSAM74BHCL
F145: 40 | G145: Xem | H145: Xem | I145: Tải về | J145: 308184475600 | K145: 46047 | L145: E42 TF003 | M145: 01BLP0-001/ VT-24E | N145: 629702 | O145: 46050 | P145: Biên lai gốc | Q145: 500 | R145: UFN9QSBHC1
F146: 41 | G146: Xem | H146: Xem | I146: Tải về | J146: 308182398000 | K146: 46046 | L146: E42 TF003 | M146: 01BLP0-001/ VT-24E | N146: 629683 | O146: 46050 | P146: Biên lai gốc | Q146: 250 | R146: S75KV0GHCC
F147: 42 | G147: Xem | H147: Xem | I147: Tải về | J147: 308193069130 | K147: 46050 | L147: E42 TF003 | M147: 01BLP0-001/ VC-24E | N147: 1021090 | O147: 46050 | P147: Biên lai gốc | Q147: 500 | R147: CCJ17ZVHCM
F148: 43 | G148: Xem | H148: Xem | I148: Tải về | J148: 308193049900 | K148: 46049 | L148: E42 TF003 | M148: 01BLP0-001/ VC-24E | N148: 1021080 | O148: 46050 | P148: Biên lai gốc | Q148: 500 | R148: I4G6PI4HC0
F149: 44 | G149: Xem | H149: Xem | I149: Tải về | J149: 107933112120 | K149: 46049 | L149: E11 TF003 | M149: 01BLP0-001/ VC-24E | N149: 1020141 | O149: 46050 | P149: Biên lai gốc | Q149: 2.000.000 | R149: PRCZAS5YCV
F150: 45 | G150: Xem | H150: Xem | I150: Tải về | J150: 308188147910 | K150: 46048 | L150: E42 TF003 | M150: 01BLP0-001/ VC-24E | N150: 1015453 | O150: 46049 | P150: Biên lai gốc | Q150: 500 | R150: THT9QQ4ECL
F151: 46 | G151: Xem | H151: Xem | I151: Tải về | J151: 308188158630 | K151: 46048 | L151: E42 TF003 | M151: 01BLP0-001/ VC-24E | N151: 1015392 | O151: 46049 | P151: Biên lai gốc | Q151: 500 | R151: GP068BCECH
F152: 47 | G152: Xem | H152: Xem | I152: Tải về | J152: 308184446860 | K152: 46049 | L152: E42 TF003 | M152: 01BLP0-001/ VC-24E | N152: 1015349 | O152: 46049 | P152: Biên lai gốc | Q152: 500 | R152: 80TI1I3EC9
F153: 48 | G153: Xem | H153: Xem | I153: Tải về | J153: 308184902340 | K153: 46046 | L153: E42 TF003 | M153: 01BLP0-001/ VC-24E | N153: 1011786 | O153: 46048 | P153: Biên lai gốc | Q153: 500 | R153: S097R7M0DL
F154: 49 | G154: Xem | H154: Xem | I154: Tải về | J154: 308184852640 | K154: 46046 | L154: E42 TF003 | M154: 01BLP0-001/ VC-24E | N154: 1011784 | O154: 46048 | P154: Biên lai gốc | Q154: 500 | R154: 829GKC80DC
F155: 50 | G155: Xem | H155: Xem | I155: Tải về | J155: 308184880200 | K155: 46046 | L155: E42 TF003 | M155: 01BLP0-001/ VC-24E | N155: 1011781 | O155: 46048 | P155: Biên lai gốc | Q155: 500 | R155: 1MILHV80D3
F156: 51 | G156: Xem | H156: Xem | I156: Tải về | J156: 308184728520 | K156: 46047 | L156: E42 TF003 | M156: 01BLP0-001/ VT-24E | N156: 626275 | O156: 46048 | P156: Biên lai gốc | Q156: 500 | R156: VG58KBD0DY
F157: 52 | G157: Xem | H157: Xem | I157: Tải về | J157: 308184601230 | K157: 46046 | L157: E42 TF003 | M157: 01BLP0-001/ VT-24E | N157: 626274 | O157: 46048 | P157: Biên lai gốc | Q157: 500 | R157: MQPARRC0D8
F158: 53 | G158: Xem | H158: Xem | I158: Tải về | J158: 308184642050 | K158: 46046 | L158: E42 TF003 | M158: 01BLP0-001/ VT-24E | N158: 626268 | O158: 46048 | P158: Biên lai gốc | Q158: 500 | R158: L7Z69TC0DM
F159: 54 | G159: Xem | H159: Xem | I159: Tải về | J159: 308184527510 | K159: 46047 | L159: E42 TF003 | M159: 01BLP0-001/ VT-24E | N159: 626264 | O159: 46048 | P159: Biên lai gốc | Q159: 500 | R159: NJDVGFD0DX
F160: 55 | G160: Xem | H160: Xem | I160: Tải về | J160: 308181125140 | K160: 46046 | L160: E42 TF003 | M160: 01BLP0-001/ VT-24E | N160: 626254 | O160: 46048 | P160: Biên lai gốc | Q160: 500 | R160: 7G3XNYD0DF
F161: 56 | G161: Xem | H161: Xem | I161: Tải về | J161: 308174416450 | K161: 46044 | L161: E42 TF003 | M161: 01BLP0-001/ VT-24E | N161: 626252 | O161: 46048 | P161: Biên lai gốc | Q161: 250 | R161: QEQWP9E0DV
... F164: 59 | G164: Xem | H164: Xem | I164: Tải về | J164: 107923838040 | K164: 46046 | L164: E11 TF003 | M164: 01BLP0-001/ VC-24E | N164: 1008374 | O164: 46048 | P164: Biên lai gốc | Q164: 500 | R164: CNYJSYHIDM
F165: 60 | G165: Xem | H165: Xem | I165: Tải về | J165: 107922023420 | K165: 46046 | L165: G51 TF003 | M165: 01BLP0-001/ VT-24E | N165: 625222 | O165: 46048 | P165: Biên lai gốc | Q165: 1.500.000 | R165: 65V5P6BID1
F166: 61 | G166: Xem | H166: Xem | I166: Tải về | J166: 308180440650 | K166: 46045 | L166: E42 TF003 | M166: 01BLP0-001/ VC-24E | N166: 1006572 | O166: 46046 | P166: Biên lai gốc | Q166: 250 | R166: SHMZ1M42DB
F167: 62 | G167: Xem | H167: Xem | I167: Tải về | J167: 308178265200 | K167: 46044 | L167: E42 TF003 | M167: 01BLP0-001/ VC-24E | N167: 1006554 | O167: 46046 | P167: Biên lai gốc | Q167: 500 | R167: IDPQJMR2DA
F168: 63 | G168: Xem | H168: Xem | I168: Tải về | J168: 308178049710 | K168: 46044 | L168: E42 TF003 | M168: 01BLP0-001/ VC-24E | N168: 1006541 | O168: 46046 | P168: Biên lai gốc | Q168: 500 | R168: 90K56HR2D1
F169: 64 | G169: Xem | H169: Xem | I169: Tải về | J169: 308178343450 | K169: 46044 | L169: E42 TF003 | M169: 01BLP0-001/ VC-24E | N169: 1006539 | O169: 46046 | P169: Biên lai gốc | Q169: 500 | R169: 2S3SJFR2D8
F170: 65 | G170: Xem | H170: Xem | I170: Tải về | J170: 308178135220 | K170: 46044 | L170: E42 TF003 | M170: 01BLP0-001/ VC-24E | N170: 1006550 | O170: 46046 | P170: Biên lai gốc | Q170: 500 | R170: KH4GSLR2D5
F171: 66 | G171: Xem | H171: Xem | I171: Tải về | J171: 308178183520 | K171: 46044 | L171: E42 TF003 | M171: 01BLP0-001/ VC-24E | N171: 1006536 | O171: 46046 | P171: Biên lai gốc | Q171: 500 | R171: S6BCBFR2D0
F172: 67 | G172: Xem | H172: Xem | I172: Tải về | J172: 107910979300 | K172: 46045 | L172: E11 TF003 | M172: 01BLP0-001/ VT-24E | N172: 624418 | O172: 46046 | P172: Biên lai gốc | Q172: 500 | R172: 2DY5VYRZDC
F173: 68 | G173: Xem | H173: Xem | I173: Tải về | J173: 308158462640 | K173: 46039 | L173: E42 TF003 | M173: 01BLP0-001/ VT-24E | N173: 623604 | O173: 46045 | P173: Biên lai gốc | Q173: 250 | R173: QV90K888E4
F174: 69 | G174: Xem | H174: Xem | I174: Tải về | J174: 107914513560 | K174: 46044 | L174: E11 TF003 | M174: 01BLP0-001/ VC-24E | N174: 1002041 | O174: 46045 | P174: Biên lai gốc | Q174: 500 | R174: 7AVMMQRMEA
F175: 70 | G175: Xem | H175: Xem | I175: Tải về | J175: 308174827130 | K175: 46043 | L175: E42 TF003 | M175: 01BLP0-001/ VC-24E | N175: 1001920 | O175: 46045 | P175: Biên lai gốc | Q175: 500 | R175: DYGVLFFMEP
...
